-- phpMyAdmin SQL Dump
-- version 5.2.1
-- https://www.phpmyadmin.net/
--
-- Host: 127.0.0.1
-- Generation Time: Jun 20, 2025 at 03:47 AM
-- Server version: 10.4.32-MariaDB
-- PHP Version: 8.3.11

SET SQL_MODE = "NO_AUTO_VALUE_ON_ZERO";
START TRANSACTION;
SET time_zone = "+00:00";


/*!40101 SET @OLD_CHARACTER_SET_CLIENT=@@CHARACTER_SET_CLIENT */;
/*!40101 SET @OLD_CHARACTER_SET_RESULTS=@@CHARACTER_SET_RESULTS */;
/*!40101 SET @OLD_COLLATION_CONNECTION=@@COLLATION_CONNECTION */;
/*!40101 SET NAMES utf8mb4 */;

--
-- Database: `rs_marketing`
--

-- --------------------------------------------------------

--
-- Table structure for table `customers`
--

CREATE TABLE `customers` (
  `id` bigint(20) UNSIGNED NOT NULL,
  `name` varchar(100) NOT NULL,
  `address` varchar(255) NOT NULL,
  `created_at` timestamp NULL DEFAULT NULL,
  `updated_at` timestamp NULL DEFAULT NULL
) ENGINE=InnoDB DEFAULT CHARSET=utf8mb4 COLLATE=utf8mb4_unicode_ci;

--
-- Dumping data for table `customers`
--

INSERT INTO `customers` (`id`, `name`, `address`, `created_at`, `updated_at`) VALUES
(1, 'cust 1', 'jakarta', '2025-04-07 08:00:21', '2025-04-07 08:00:21'),
(2, 'cust 2', 'bandung barat', '2025-04-07 08:00:21', '2025-05-12 20:02:53');

-- --------------------------------------------------------

--
-- Table structure for table `departments`
--

CREATE TABLE `departments` (
  `id` bigint(20) UNSIGNED NOT NULL,
  `name` varchar(100) NOT NULL,
  `created_at` timestamp NULL DEFAULT NULL,
  `updated_at` timestamp NULL DEFAULT NULL
) ENGINE=InnoDB DEFAULT CHARSET=utf8mb4 COLLATE=utf8mb4_unicode_ci;

--
-- Dumping data for table `departments`
--

INSERT INTO `departments` (`id`, `name`, `created_at`, `updated_at`) VALUES
(1, 'Engineering & Maintenance', '2024-10-09 00:39:36', '2024-12-06 00:11:09'),
(2, 'Finance Admin', '2024-10-09 00:39:36', '2024-10-09 00:39:36'),
(3, 'HCD', '2024-10-09 00:39:36', '2024-10-09 00:39:36'),
(4, 'Manufacturing', '2024-10-09 00:39:36', '2024-10-09 00:39:36'),
(5, 'QM & HSE', '2024-10-09 00:39:36', '2024-10-09 00:39:36'),
(6, 'R&D', '2024-10-09 00:39:36', '2024-10-09 00:39:36'),
(7, 'Sales & Marketing', '2024-10-09 00:39:36', '2024-10-09 00:39:36'),
(8, 'Supply Chain', '2024-10-09 00:39:36', '2024-10-09 00:39:36');

-- --------------------------------------------------------

--
-- Table structure for table `failed_jobs`
--

CREATE TABLE `failed_jobs` (
  `id` bigint(20) UNSIGNED NOT NULL,
  `uuid` varchar(255) NOT NULL,
  `connection` text NOT NULL,
  `queue` text NOT NULL,
  `payload` longtext NOT NULL,
  `exception` longtext NOT NULL,
  `failed_at` timestamp NOT NULL DEFAULT current_timestamp()
) ENGINE=InnoDB DEFAULT CHARSET=utf8mb4 COLLATE=utf8mb4_unicode_ci;

-- --------------------------------------------------------

--
-- Table structure for table `initiator_approvals`
--

CREATE TABLE `initiator_approvals` (
  `id` bigint(20) UNSIGNED NOT NULL,
  `rs_id` bigint(20) UNSIGNED NOT NULL,
  `nik` varchar(255) NOT NULL,
  `status` varchar(255) NOT NULL,
  `created_at` timestamp NULL DEFAULT NULL,
  `updated_at` timestamp NULL DEFAULT NULL
) ENGINE=InnoDB DEFAULT CHARSET=utf8mb4 COLLATE=utf8mb4_unicode_ci;

-- --------------------------------------------------------

--
-- Table structure for table `item_details`
--

CREATE TABLE `item_details` (
  `id` bigint(20) UNSIGNED NOT NULL,
  `item_master_id` bigint(20) UNSIGNED NOT NULL,
  `item_detail_code` varchar(255) NOT NULL,
  `item_detail_name` varchar(255) NOT NULL,
  `unit` varchar(255) NOT NULL,
  `net_weight` double(8,2) NOT NULL,
  `type` varchar(255) NOT NULL,
  `created_at` timestamp NULL DEFAULT NULL,
  `updated_at` timestamp NULL DEFAULT NULL
) ENGINE=InnoDB DEFAULT CHARSET=utf8mb4 COLLATE=utf8mb4_unicode_ci;

--
-- Dumping data for table `item_details`
--

INSERT INTO `item_details` (`id`, `item_master_id`, `item_detail_code`, `item_detail_name`, `unit`, `net_weight`, `type`, `created_at`, `updated_at`) VALUES
(13, 160, 'ISC403', 'MC MULTI PUR MGR 4.5 Kg', 'CT', 4.50, '145-271', '2025-05-21 19:40:11', '2025-05-21 19:40:11'),
(14, 161, 'ISC403-C1', 'MC MULTIPUR MGR 4.5 KG', 'CT', 4.50, '145-271', '2025-05-21 19:40:11', '2025-05-21 19:40:11'),
(15, 162, 'ISC403-C2', 'MC MULTIPUR MGR 4.5 KG', 'CT', 4.50, '145-271', '2025-05-21 19:40:11', '2025-05-21 19:40:11'),
(16, 163, 'ISC403-C3', 'MC MULTI PUR MGR 4.5 Kg', 'CT', 4.50, '145-217', '2025-05-21 19:40:11', '2025-05-21 19:40:11'),
(17, 164, 'ISC403-C4', 'MC MULTI PUR MGR 4.5 Kg', 'CT', 4.50, '145-271', '2025-05-21 19:40:11', '2025-05-21 19:40:11'),
(18, 165, 'ISC404', 'MC MULTI PUR MGR 4.5 Kg', 'CT', 4.50, '145-271', '2025-05-21 19:40:11', '2025-05-21 19:40:11'),
(19, 166, '21C201', 'OLAM PROF BB BOS 5KG', 'CT', 5.00, '145-111', '2025-05-21 19:40:11', '2025-05-21 19:40:11'),
(20, 167, 'FGC501', 'GB MARVILLE MGR 5KG', 'CT', 5.00, '145-005', '2025-05-21 19:40:11', '2025-05-21 19:40:11'),
(21, 168, 'FGC501-C1', 'GB MARVILLE MGR 5KG', 'CT', 5.00, '145-005', '2025-05-21 19:40:11', '2025-05-21 19:40:11'),
(22, 169, 'FGC501-C2', 'GB MARVILLE FPHO 5KG', 'CT', 5.00, '145-005', '2025-05-21 19:40:11', '2025-05-21 19:40:11'),
(23, 170, 'FNC517', 'BLF-B 5 KG', 'CT', 5.00, '145-111', '2025-05-21 19:40:11', '2025-05-21 19:40:11'),
(24, 171, 'FNC519', 'BLF-B 5 KG', 'CT', 5.00, '145-111', '2025-05-21 19:40:11', '2025-05-21 19:40:11'),
(25, 172, 'FNC611', 'CAS FRYING FAT 5KG', 'CT', 5.00, '145-111', '2025-05-21 19:40:11', '2025-05-21 19:40:11'),
(26, 172, 'FNC611', 'CAS FRYING FAT 5KG', 'CT', 5.00, '145-290', '2025-05-21 19:40:11', '2025-05-21 19:40:11'),
(27, 174, 'RSH411-C3', 'MC BLD BTR&MGR 5KG', 'CT', 5.00, '145-111', '2025-05-21 19:40:11', '2025-05-21 19:40:11'),
(28, 175, 'XIC501', 'GB MARVILLE BR MGR 5 kG', 'CT', 5.00, '145-005', '2025-05-21 19:40:11', '2025-05-21 19:40:11'),
(29, 176, 'RSE410-C1', 'MC MGR 24 X 250G', 'CT', 6.00, '145-016', '2025-05-21 19:40:11', '2025-05-21 19:40:11'),
(30, 177, 'RSE410-C2', 'MC MGR 24 X 250G', 'CT', 6.00, '145-016', '2025-05-21 19:40:11', '2025-05-21 19:40:11'),
(31, 178, 'RSE410-C3', 'MC MGR 24 X 250G', 'CT', 6.00, '145-016', '2025-05-21 19:40:11', '2025-05-21 19:40:11'),
(32, 179, 'XRE418', 'MC MGR  24 X 250gr', 'CT', 6.00, '145-016', '2025-05-21 19:40:11', '2025-05-21 19:40:11'),
(33, 180, 'XRE418-C1', 'MC  MGR 24 X 250G /MB', 'CT', 6.00, '145-016', '2025-05-21 19:40:11', '2025-05-21 19:40:11'),
(34, 181, 'XRE418-C3', 'MC MGR  24 X 250gr', 'CT', 6.00, '145-016', '2025-05-21 19:40:11', '2025-05-21 19:40:11'),
(35, 182, 'XRE418-C4', 'MC MGR  24 X 250gr', 'CT', 6.00, '145-016', '2025-05-21 19:40:11', '2025-05-21 19:40:11'),
(36, 183, 'XRE418-C5', 'MC MGR  24 X 250gr', 'CT', 6.00, '145-016', '2025-05-21 19:40:11', '2025-05-21 19:40:11'),
(37, 184, 'XRE420', 'MC MGR 24X250GR', 'CT', 6.00, '145-016', '2025-05-21 19:40:11', '2025-05-21 19:40:11'),
(38, 185, 'DN1-TQC509-D', 'TRIAL ROUTING4', 'M3', 10.00, '145-182', '2025-05-21 19:40:11', '2025-05-21 19:40:11'),
(39, 186, 'IGD511', 'GB PREMIER PS BB FP 10KG', 'CT', 10.00, '145-322', '2025-05-21 19:40:11', '2025-05-21 19:40:11'),
(40, 187, 'IGD511-B1', 'GB PREMIER PS BB 10KG', 'CT', 10.00, '145-192', '2025-05-21 19:40:11', '2025-05-21 19:40:11'),
(41, 187, 'IGD511-B1', 'GB PREMIER PS BB 10KG', 'CT', 10.00, '145-322', '2025-05-21 19:40:11', '2025-05-21 19:40:11'),
(42, 189, 'IUD511-B1', 'MOREMADE PREMIER PS 10KG', 'CT', 10.00, '145-322', '2025-05-21 19:40:11', '2025-05-21 19:40:11'),
(43, 190, '21C502', 'ZKA BUTTER 6X2KG', 'CT', 12.00, '145-192', '2025-05-21 19:40:11', '2025-05-21 19:40:11'),
(44, 191, '21C503', 'ZKA BUTTER 6X2KG', 'CT', 12.00, '145-192', '2025-05-21 19:40:11', '2025-05-21 19:40:11'),
(45, 192, '23C411', 'ABC BUMBU NASI MGR 200G', 'CT', 12.00, '145-337', '2025-05-21 19:40:11', '2025-05-21 19:40:11'),
(46, 193, '23C509', 'UNICORN BT & MG /SG 200G', 'CT', 12.00, '145-337', '2025-05-21 19:40:11', '2025-05-21 19:40:11'),
(47, 194, '24C520', 'GB GRAND BTR & MGR 12KG', 'CT', 12.00, '145-192', '2025-05-21 19:40:11', '2025-05-21 19:40:11'),
(48, 195, 'RSF406', 'MC MM 6X2 KG /MB', 'CT', 12.00, '145-192', '2025-05-21 19:40:11', '2025-05-21 19:40:11'),
(49, 196, 'RSF406-C1', 'MC MULTIPUR M 6x2/MB', 'CT', 12.00, '145-192', '2025-05-21 19:40:11', '2025-05-21 19:40:11'),
(50, 197, 'RSF406-C2', 'MC MULTIPUR M 6x2/MB', 'CT', 12.00, '145-192', '2025-05-21 19:40:11', '2025-05-21 19:40:11'),
(51, 198, 'RSF406-C3', 'MC MM 6X2 KG /MB', 'CT', 12.00, '145-192', '2025-05-21 19:40:11', '2025-05-21 19:40:11'),
(52, 199, 'RSF406-C4', 'MC MM 6X2 KG /MB', 'CT', 12.00, '145-192', '2025-05-21 19:40:11', '2025-05-21 19:40:11'),
(53, 200, 'RSF406-C5', 'MC MM 6X2 KG /MB', 'CT', 12.00, '145-192', '2025-05-21 19:40:11', '2025-05-21 19:40:11'),
(54, 201, 'RSF408', 'MC MULTIPUR M 6X2KG /MB', 'CT', 12.00, '145-192', '2025-05-21 19:40:11', '2025-05-21 19:40:11'),
(55, 202, 'XRE419', 'MC MGR 24 x 500gr', 'CT', 12.00, '145-017', '2025-05-21 19:40:11', '2025-05-21 19:40:11'),
(56, 203, 'XRE419-C1', 'MC MGR 24 x 500gr', 'CT', 12.00, '145-017', '2025-05-21 19:40:11', '2025-05-21 19:40:11'),
(57, 204, 'XRE419-C2', 'MC MGR 24 x 500gr', 'CT', 12.00, '145-017', '2025-05-21 19:40:11', '2025-05-21 19:40:11'),
(58, 205, 'XRE419-C3', 'MC MGR 24 x 500gr', 'CT', 12.00, '145-017', '2025-05-21 19:40:11', '2025-05-21 19:40:11'),
(59, 206, 'XRE421', 'MC MGR 24X500GR', 'CT', 12.00, '145-017', '2025-05-21 19:40:11', '2025-05-21 19:40:11'),
(60, 207, 'XRF422', 'MC MULTIPUR M 6x2 KG/MB', 'CT', 12.00, '145-192', '2025-05-21 19:40:11', '2025-05-21 19:40:11'),
(61, 208, 'XRF423', '3T MARGARINE 12 KG', 'CT', 12.00, '141-025', '2025-05-21 19:40:11', '2025-05-21 19:40:11'),
(62, 208, 'XRF423', '3T MARGARINE 12 KG', 'CT', 12.00, '145-191', '2025-05-21 19:40:11', '2025-05-21 19:40:11'),
(63, 210, '19C206', 'GB BOS STAR FRE TRS 15KG', 'CT', 15.00, '145-229', '2025-05-21 19:40:11', '2025-05-21 19:40:11'),
(64, 210, '19C206', 'GB BOS STAR FRE TRS 15KG', 'CT', 15.00, '145-235', '2025-05-21 19:40:11', '2025-05-21 19:40:11'),
(65, 212, '19C513', 'MATCH GIOIA BTR MGR 15KG', 'CT', 15.00, '145-235', '2025-05-21 19:40:11', '2025-05-21 19:40:11'),
(66, 213, '20C502', 'SB MGR MGO 15KG', 'CT', 15.00, '145-235', '2025-05-21 19:40:11', '2025-05-21 19:40:11'),
(67, 214, '20C503', 'SB MGR FTO 15KG', 'CT', 15.00, '145-235', '2025-05-21 19:40:11', '2025-05-21 19:40:11'),
(68, 215, '20C506', 'SB MGR MGO 15KG', 'CT', 15.00, '145-235', '2025-05-21 19:40:11', '2025-05-21 19:40:11'),
(69, 216, '20C507', 'SB MGR FTGO 15KG', 'CT', 15.00, '145-235', '2025-05-21 19:40:11', '2025-05-21 19:40:11'),
(70, 217, '20C508', 'MARVILLE M NAFC /MB 15KG', 'CT', 15.00, '145-082', '2025-05-21 19:40:11', '2025-05-21 19:40:11'),
(71, 218, '20C509', 'MARVILLE M NAF /MB 15KG', 'CT', 15.00, '145-082', '2025-05-21 19:40:11', '2025-05-21 19:40:11'),
(72, 219, '20C510', 'MARVILLE M NAF /MB 15KG', 'CT', 15.00, '145-082', '2025-05-21 19:40:11', '2025-05-21 19:40:11'),
(73, 220, '20G504', 'MARVILLE MG OZ 15KG', 'CT', 15.00, '145-082', '2025-05-21 19:40:11', '2025-05-21 19:40:11'),
(74, 221, '20G505', 'MARVILLE RED SAL OZ 15KG', 'CT', 15.00, '145-082', '2025-05-21 19:40:11', '2025-05-21 19:40:11'),
(75, 222, '20G511', 'MARVILLE BR NAFC /MB 15K', 'CT', 15.00, '145-082', '2025-05-21 19:40:11', '2025-05-21 19:40:11'),
(76, 223, '21C412', 'TRADEWINDS CK MG 15kg/MB', 'CT', 15.00, '145-082', '2025-05-21 19:40:11', '2025-05-21 19:40:11'),
(77, 224, '21C508', 'SB MGR FTG 15KG', 'CT', 15.00, '145-235', '2025-05-21 19:40:11', '2025-05-21 19:40:11'),
(78, 225, '21C509', 'SB MGR FTG 15KG', 'CT', 15.00, '145-235', '2025-05-21 19:40:11', '2025-05-21 19:40:11'),
(79, 226, '21C510', 'SB MGR 15KG', 'CT', 15.00, '145-235', '2025-05-21 19:40:11', '2025-05-21 19:40:11'),
(80, 227, '21C515', 'GB GRAND BT & MG 15KG CN', 'CT', 15.00, '145-250', '2025-05-21 19:40:11', '2025-05-21 19:40:11'),
(81, 228, '21C520', 'TRADEWINDS COCO MGR 15KG', 'CT', 15.00, '145-082', '2025-05-21 19:40:11', '2025-05-21 19:40:11'),
(82, 229, '21D513', 'ROYAL DN PT MGR /MB 15KG', 'CT', 15.00, '145-082', '2025-05-21 19:40:11', '2025-05-21 19:40:11'),
(83, 230, '21G116', 'MOREMADE VEG SH /MB 15KG', 'CT', 15.00, '145-082', '2025-05-21 19:40:11', '2025-05-21 19:40:11'),
(84, 231, '21G510', 'MRMD MARVELLOUS MGR 15KG', 'CT', 15.00, '145-293', '2025-05-21 19:40:11', '2025-05-21 19:40:11'),
(85, 232, '21G519', 'BAKER\'S MIX GOLD 42% 15K', 'CT', 15.00, '145-182', '2025-05-21 19:40:11', '2025-05-21 19:40:11'),
(86, 233, '22C205', 'OLAM IC PROF BB BOS 15KG', 'CT', 15.00, '145-082', '2025-05-21 19:40:11', '2025-05-21 19:40:11'),
(87, 234, '22C410', 'SB PREMIA BLANC MGR 15KG', 'CT', 15.00, '145-235', '2025-05-21 19:40:11', '2025-05-21 19:40:11'),
(88, 235, '22C412', 'CITA SPC CAKE MGR 15KG', 'CT', 15.00, '145-235', '2025-05-21 19:40:11', '2025-05-21 19:40:11'),
(89, 236, '22C413', 'CITA SPC CAKE MGR 15KG', 'CT', 15.00, '145-235', '2025-05-21 19:40:11', '2025-05-21 19:40:11'),
(90, 237, '22C508', 'FKS 2 BTR & MGR 15KG', 'CT', 15.00, '145-235', '2025-05-21 19:40:11', '2025-05-21 19:40:11'),
(91, 238, '22G403-C', 'TRADEWINDS WH 15K/BB /MB', 'CT', 15.00, '145-082', '2025-05-21 19:40:11', '2025-05-21 19:40:11'),
(92, 239, '23C206', 'MOREMADE SAFFIRE BB 15KG', 'CT', 15.00, '145-235', '2025-05-21 19:40:11', '2025-05-21 19:40:11'),
(93, 240, '23C210', 'TRADEWINDS COCO SHR 15KG', 'CT', 15.00, '145-082', '2025-05-21 19:40:11', '2025-05-21 19:40:11'),
(94, 241, '23C213', 'MM SAFFIRE MIX OLAM 15KG', 'CT', 15.00, '145-235', '2025-05-21 19:40:11', '2025-05-21 19:40:11'),
(95, 242, '23C503', 'SB INNOVO BL BTR&MG 15KG', 'CT', 15.00, '145-235', '2025-05-21 19:40:11', '2025-05-21 19:40:11'),
(96, 243, '23C507', 'INZAGHI FONT FL /SG 15KG', 'CT', 15.00, '145-235', '2025-05-21 19:40:11', '2025-05-21 19:40:11'),
(97, 244, '23C508', 'INZAGHI BT & MG /SG 15KG', 'CT', 15.00, '145-235', '2025-05-21 19:40:11', '2025-05-21 19:40:11'),
(98, 245, '23C520', 'TRADEWINDS COCO MGR 15KG', 'CT', 15.00, '145-082', '2025-05-21 19:40:11', '2025-05-21 19:40:11'),
(99, 246, '24C511', 'WINGSAN BL BTR&MG 15KG', 'CT', 15.00, '145-235', '2025-05-21 19:40:11', '2025-05-21 19:40:11'),
(100, 247, '24C513', 'WINGSAN BL BTR&MG 15KG', 'CT', 15.00, '145-235', '2025-05-21 19:40:56', '2025-05-21 19:40:56'),
(101, 248, '24C514', 'WINGSAN BL BTR&MG 15KG', 'CT', 15.00, '145-235', '2025-05-21 19:40:56', '2025-05-21 19:40:56'),
(102, 249, '24C515', 'INZAGHI FONT FOR/MB 15KG', 'CT', 15.00, '145-235', '2025-05-21 19:40:56', '2025-05-21 19:40:56'),
(103, 250, '24C516', 'INZAGHI FONT FOR/SG 15KG', 'CT', 15.00, '145-235', '2025-05-21 19:40:56', '2025-05-21 19:40:56'),
(104, 251, '24C517', 'BAKER\'S MIX GOLD/SG 15KG', 'CT', 15.00, '145-235', '2025-05-21 19:40:56', '2025-05-21 19:40:56'),
(105, 252, '24C518', 'BAKER\'S MIX GOLD/SG 15KG', 'CT', 15.00, '145-235', '2025-05-21 19:40:56', '2025-05-21 19:40:56'),
(106, 253, '24C519', 'BB SINERGI E06 /SG 15KG', 'CT', 15.00, '145-235', '2025-05-21 19:40:56', '2025-05-21 19:40:56'),
(107, 254, '24C521', 'BB SINERGI E07 /SG 15KG', 'CT', 15.00, '145-235', '2025-05-21 19:40:56', '2025-05-21 19:40:56'),
(108, 255, '24C522', 'BB SINERGI E08 /SG 15KG', 'CT', 15.00, '145-314', '2025-05-21 19:40:56', '2025-05-21 19:40:56'),
(109, 256, '24C523', 'BAKER\'S MIX BB /MB 15KG', 'CT', 15.00, '145-235', '2025-05-21 19:40:56', '2025-05-21 19:40:56'),
(110, 257, 'FGB603', 'GB FRYMASTA FF 15KG', 'CT', 15.00, '145-051', '2025-05-21 19:40:56', '2025-05-21 19:40:56'),
(111, 258, 'FGB608', 'GB FRYMASTA STAR FF 15KG', 'CT', 15.00, '145-232', '2025-05-21 19:40:56', '2025-05-21 19:40:56'),
(112, 259, 'FGC502', 'GB MARVILLE BR MG 15KG', 'CT', 15.00, '145-313', '2025-05-21 19:40:56', '2025-05-21 19:40:56'),
(113, 260, 'FGC502-C1', 'GB MARVILLE 15KG', 'CT', 15.00, '145-313', '2025-05-21 19:40:56', '2025-05-21 19:40:56'),
(114, 261, 'FGC503', 'GB MARVILLE BR MG 15KG', 'CT', 15.00, '145-331', '2025-05-21 19:40:56', '2025-05-21 19:40:56'),
(115, 262, 'FNB601', 'DUNKIN\' DONUTS FF 15KG', 'CT', 15.00, '145-056', '2025-05-21 19:40:56', '2025-05-21 19:40:56'),
(116, 263, 'FNB613', 'J.CO FRYING FAT 15 kg', 'CT', 15.00, '145-230A', '2025-05-21 19:40:56', '2025-05-21 19:40:56'),
(117, 264, 'FNB614', 'FF300144-FF 15KG', 'CT', 15.00, '145-272', '2025-05-21 19:40:56', '2025-05-21 19:40:56'),
(118, 265, 'FNC417', 'MAJESTYK  MGR 15KG', 'ct', 15.00, '145-235', '2025-05-21 19:40:56', '2025-05-21 19:40:56'),
(119, 266, 'FNC418', 'DE PRIMA MGRN15 KG', 'CT', 15.00, '145-082', '2025-05-21 19:40:56', '2025-05-21 19:40:56'),
(120, 267, 'FND518', 'DE PRIMA BB 15Kg', 'CT', 15.00, '145-082', '2025-05-21 19:40:56', '2025-05-21 19:40:56'),
(121, 268, 'FND518-B1', 'DE PRIMA BB 15Kg', 'CT', 15.00, '145-082', '2025-05-21 19:40:56', '2025-05-21 19:40:56'),
(122, 269, 'FNG410', 'TBH MARGARINE 15 KG', 'CT', 15.00, '145-235', '2025-05-21 19:40:56', '2025-05-21 19:40:56'),
(123, 270, 'FNG620', 'HOT STAR FF 15 KG', 'CT', 15.00, '145-235', '2025-05-21 19:40:56', '2025-05-21 19:40:56'),
(124, 271, 'FNG622', 'CAS C MYK  GOR PADAT15KG', 'CT', 15.00, '145-082', '2025-05-21 19:40:56', '2025-05-21 19:40:56'),
(125, 272, 'FNG624', 'HYDROGENATED VEG FF 15KG', 'CT', 15.00, '145-272', '2025-05-21 19:40:56', '2025-05-21 19:40:56'),
(126, 273, 'FNG626', 'CAS FRYING FAT 15 KG', 'CT', 15.00, '145-284', '2025-05-21 19:40:56', '2025-05-21 19:40:56'),
(127, 274, 'FNG627', 'VEGETABLE FF 15KG', 'CT', 15.00, '145-272', '2025-05-21 19:40:56', '2025-05-21 19:40:56'),
(128, 275, 'FNG628', 'D\'BESTO FF 15KG', 'CT', 15.00, '145-294', '2025-05-21 19:40:56', '2025-05-21 19:40:56'),
(129, 276, 'FNG629', 'KAF FRYING FAT 15KG', 'CT', 15.00, '145-235', '2025-05-21 19:40:56', '2025-05-21 19:40:56'),
(130, 277, 'FNG630', 'OLIVE FRYING FAT 15KG', 'CT', 15.00, '145-235', '2025-05-21 19:40:56', '2025-05-21 19:40:56'),
(131, 278, 'FNG631', 'D\'TOP MYK GRG PADAT 15KG', 'CT', 15.00, '145-235', '2025-05-21 19:40:56', '2025-05-21 19:40:56'),
(132, 279, 'FNG632', 'DUNKIN\' FF 15KG', 'CT', 15.00, '145-056', '2025-05-21 19:40:56', '2025-05-21 19:40:56'),
(133, 280, 'ICB101', 'CITA SHOR 15 KG', 'CT', 15.00, '145-042', '2025-05-21 19:40:56', '2025-05-21 19:40:56'),
(134, 281, 'ICB606', 'CITA FRY 15 KG', 'CT', 15.00, '145-210', '2025-05-21 19:40:56', '2025-05-21 19:40:56'),
(135, 282, 'ICC402', 'CITA MGR 15KG', 'CT', 15.00, '145-034', '2025-05-21 19:40:56', '2025-05-21 19:40:56'),
(136, 283, 'ICC402-C1', 'CITA MGR 15KG', 'CT', 15.00, '145-034', '2025-05-21 19:40:56', '2025-05-21 19:40:56'),
(137, 284, 'ICC402-C2', 'CITA MGR 15KG', 'CT', 15.00, '145-034', '2025-05-21 19:40:56', '2025-05-21 19:40:56'),
(138, 285, 'ICC402-D1', 'CITA MGR 15KG', 'CT', 15.00, '145-034', '2025-05-21 19:40:56', '2025-05-21 19:40:56'),
(139, 286, 'ICC404', 'CITA WHITE MGR 15 KG', 'CT', 15.00, '145-161', '2025-05-21 19:40:56', '2025-05-21 19:40:56'),
(140, 287, 'ICC407', 'CITA CREAM MGR 15 KG', 'CT', 15.00, '145-242', '2025-05-21 19:40:56', '2025-05-21 19:40:56'),
(141, 288, 'ICC411', 'CITA PREMIA MGR 15KG', 'CT', 15.00, '145-255', '2025-05-21 19:40:56', '2025-05-21 19:40:56'),
(142, 289, 'ICC411-C1', 'CITA PREMIA MGR 15KG', 'CT', 15.00, '145-255', '2025-05-21 19:40:56', '2025-05-21 19:40:56'),
(143, 290, 'ICC411-C2', 'CITA PREMIA MGR 15KG', 'CT', 15.00, '145-255', '2025-05-21 19:40:56', '2025-05-21 19:40:56'),
(144, 291, 'ICC411-C3', 'CITA PREMIA MGR 15KG', 'CT', 15.00, '145-255', '2025-05-21 19:40:56', '2025-05-21 19:40:56'),
(145, 292, 'ICC509', 'CITA BAKERY COMP -15KG', 'CT', 15.00, '145-231', '2025-05-21 19:40:56', '2025-05-21 19:40:56'),
(146, 293, 'IGB119', 'GB BREAD-O BREAD F 15KG', 'CT', 15.00, '145-055', '2025-05-21 19:40:56', '2025-05-21 19:40:56'),
(147, 294, 'IGB215', 'GB MEDAL  MGR 15 KG', 'CT', 15.00, '145-046', '2025-05-21 19:40:56', '2025-05-21 19:40:56'),
(148, 295, 'IGB312', 'GB TREAT CONFEC F 15KG', 'CT', 15.00, '145-054', '2025-05-21 19:40:56', '2025-05-21 19:40:56'),
(149, 295, 'IGB312', 'GB TREAT CONFEC F 15KG', 'CT', 15.00, '145-235', '2025-05-21 19:40:56', '2025-05-21 19:40:56'),
(150, 297, 'IGB312-C1', 'GB TREAT CONFECT F 15 KG', 'CT', 15.00, '145-044', '2025-05-21 19:40:56', '2025-05-21 19:40:56'),
(151, 297, 'IGB312-C1', 'GB TREAT CONFECT F 15 KG', 'CT', 15.00, '145-054', '2025-05-21 19:40:56', '2025-05-21 19:40:56'),
(152, 299, 'IGC117', 'GB S\'PERIOR W F 15KG', 'CT', 15.00, '145-052', '2025-05-21 19:40:56', '2025-05-21 19:40:56'),
(153, 300, 'IGC211', 'GB BOS 15KG', 'CT', 15.00, '145-167', '2025-05-21 19:40:56', '2025-05-21 19:40:56'),
(154, 301, 'IGC223', 'GB BOS STAR 15 KG', 'CT', 15.00, '145-229', '2025-05-21 19:40:56', '2025-05-21 19:40:56'),
(155, 302, 'IGC408', 'GB AWARD MGR 15KG', 'CT', 15.00, '145-050', '2025-05-21 19:41:48', '2025-05-21 19:41:48'),
(156, 303, 'IGC418', 'GB PRIME CAKE MGR 15KG', 'CT', 15.00, '145-044', '2025-05-21 19:41:48', '2025-05-21 19:41:48'),
(157, 304, 'IGC418-C1', 'GB PRIME CAKE MGR 15KG', 'CT', 15.00, '145-044', '2025-05-21 19:41:48', '2025-05-21 19:41:48'),
(158, 305, 'IGC418-C2', 'GB PRIME CAKE PHO 15KG', 'CT', 15.00, '145-044', '2025-05-21 19:41:48', '2025-05-21 19:41:48'),
(159, 306, 'IGC530', 'GB. GRAND BTR & MGR 15KG', 'CT', 15.00, '145-235', '2025-05-21 19:41:48', '2025-05-21 19:41:48'),
(160, 306, 'IGC530', 'GB. GRAND BTR & MGR 15KG', 'CT', 15.00, '145-250', '2025-05-21 19:41:48', '2025-05-21 19:41:48'),
(161, 308, 'IGC530-C3', 'GB. GRAND BTR & MGR 15KG', 'CT', 15.00, '145-235', '2025-05-21 19:41:48', '2025-05-21 19:41:48'),
(162, 309, 'IGC530-D1', 'GB. GRAND BTR & MGR 15KG', 'CT', 15.00, '145-235', '2025-05-21 19:41:48', '2025-05-21 19:41:48'),
(163, 309, 'IGC530-D1', 'GB. GRAND BTR & MGR 15KG', 'CT', 15.00, '145-250', '2025-05-21 19:41:48', '2025-05-21 19:41:48'),
(164, 311, 'IGC530-D2', 'GB. GRAND BTR & MGR 15KG', 'CT', 15.00, '145-082', '2025-05-21 19:41:48', '2025-05-21 19:41:48'),
(165, 311, 'IGC530-D2', 'GB. GRAND BTR & MGR 15KG', 'CT', 15.00, '145-250', '2025-05-21 19:41:48', '2025-05-21 19:41:48'),
(166, 313, 'IGC530-D3', 'GB. GRAND BTR & MGR 15KG', 'CT', 15.00, '145-235', '2025-05-21 19:41:48', '2025-05-21 19:41:48'),
(167, 313, 'IGC530-D3', 'GB. GRAND BTR & MGR 15KG', 'CT', 15.00, '145-250', '2025-05-21 19:41:48', '2025-05-21 19:41:48'),
(168, 315, 'IGC530-D4', 'GB. GRAND BTR & MGR 15KG', 'CT', 15.00, '145-250', '2025-05-21 19:41:48', '2025-05-21 19:41:48'),
(169, 316, 'IGC530-D5', 'GB. GRAND BTR & MGR 15KG', 'CT', 15.00, '145-250', '2025-05-21 19:41:48', '2025-05-21 19:41:48'),
(170, 317, 'IGC530-D6', 'GB. GRAND BTR & MGR 15KG', 'CT', 15.00, '145-250', '2025-05-21 19:41:48', '2025-05-21 19:41:48'),
(171, 318, 'IGC530-D7', 'GB. GRAND BTR & MGR 15KG', 'CT', 15.00, '145-250', '2025-05-21 19:41:48', '2025-05-21 19:41:48'),
(172, 319, 'IGC530-D8', 'GB. GRAND BTR & MGR 15KG', 'CT', 15.00, '145-250', '2025-05-21 19:41:48', '2025-05-21 19:41:48'),
(173, 320, 'IGC530-E2', 'GB. GRAND BTR & MGR 15KG', 'CT', 15.00, '145-082', '2025-05-21 19:41:48', '2025-05-21 19:41:48'),
(174, 321, 'IGD220', 'GB FLAKE PTRY SR 15KG', 'CT', 15.00, '145-048', '2025-05-21 19:41:48', '2025-05-21 19:41:48'),
(175, 322, 'IGD220-B1', 'GB FLAKE PTRY SR 15KG', 'CT', 15.00, '145-048', '2025-05-21 19:41:48', '2025-05-21 19:41:48'),
(176, 323, 'IGD220-B2', 'GB FLAKE PTRY SR 15KG', 'CT', 15.00, '145-048', '2025-05-21 19:41:48', '2025-05-21 19:41:48'),
(177, 324, 'IGD220-B3', 'GB FLAKE PTRY SH 15KG', 'CT', 15.00, '145-048', '2025-05-21 19:41:48', '2025-05-21 19:41:48'),
(178, 324, 'IGD220-B3', 'GB FLAKE PTRY SH 15KG', 'CT', 15.00, '145-083', '2025-05-21 19:41:48', '2025-05-21 19:41:48'),
(179, 326, 'IGD220-B4', 'GB FLAKE PTRY SH 15KG', 'CT', 15.00, '145-083', '2025-05-21 19:41:48', '2025-05-21 19:41:48'),
(180, 327, 'IGD220-B5', 'GB FLAKE PTRY SH 15KG', 'CT', 15.00, '145-083', '2025-05-21 19:41:48', '2025-05-21 19:41:48'),
(181, 328, 'IGD220-B6', 'GB FLAKE PTRY SH 15KG', 'CT', 15.00, '145-083', '2025-05-21 19:41:48', '2025-05-21 19:41:48'),
(182, 329, 'IGD509-B3', 'GB FLAKE PTRY MGR 15 KG', 'CT', 15.00, '145-083', '2025-05-21 19:41:48', '2025-05-21 19:41:48'),
(183, 330, 'IGD509-B4', 'GB FLAKE PTRY MGR 15KG', 'CT', 15.00, '145-083', '2025-05-21 19:41:48', '2025-05-21 19:41:48'),
(184, 331, 'IGD509-B5', 'GB FLAKE PTRY MGR 15KG', 'CT', 15.00, '145-083', '2025-05-21 19:41:48', '2025-05-21 19:41:48'),
(185, 332, 'IGD509-B6', 'GB FLAKE PTRY MGR 15KG', 'CT', 15.00, '145-083', '2025-05-21 19:41:48', '2025-05-21 19:41:48'),
(186, 333, 'IGD509-B7', 'GB FLAKE PTRY MGR 15KG', 'CT', 15.00, '145-083', '2025-05-21 19:41:48', '2025-05-21 19:41:48'),
(187, 334, 'IGD510', 'GB DANISH PTSRY MGR 15KG', 'CT', 15.00, '145-043', '2025-05-21 19:41:48', '2025-05-21 19:41:48'),
(188, 335, 'IGD510-B1', 'GB DANISH PTSRY MGR 15KG', 'CT', 15.00, '145-043', '2025-05-21 19:41:48', '2025-05-21 19:41:48'),
(189, 336, 'IGD510-B2', 'GB DANISH PTSRY MGR 15KG', 'CT', 15.00, '145-043', '2025-05-21 19:41:48', '2025-05-21 19:41:48'),
(190, 337, 'IGD510-B3', 'GB DANISH PM FPHO 15KG', 'CT', 15.00, '145-043', '2025-05-21 19:41:48', '2025-05-21 19:41:48'),
(191, 338, 'IGD510-B4', 'GB DANISH PM FPHO 15KG', 'CT', 15.00, '145-043', '2025-05-21 19:41:48', '2025-05-21 19:41:48'),
(192, 339, 'IGD511-B2', 'GB PREMIER PS BB 15KG', 'CT', 15.00, '145-083', '2025-05-21 19:41:48', '2025-05-21 19:41:48'),
(193, 340, 'IGD511-B3', 'GB BUTTERY PTRY MGR 15KG', 'CT', 15.00, '145-083', '2025-05-21 19:41:48', '2025-05-21 19:41:48'),
(194, 341, 'IMB101', 'MAESTRO BAKERS FAT 15 KG', 'CT', 15.00, '145-028', '2025-05-21 19:41:48', '2025-05-21 19:41:48'),
(195, 342, 'IMB101-D', 'MAESTRO BAKERS FAT 15 KG', 'CT', 15.00, '145-028', '2025-05-21 19:41:48', '2025-05-21 19:41:48'),
(196, 343, 'IMB102', 'MAESTRO WHITE FAT 15 KG', 'CT', 15.00, '145-037', '2025-05-21 19:41:48', '2025-05-21 19:41:48'),
(197, 344, 'IMB104', 'MAESTRO BF 15KG INDUSTRY', 'CT', 15.00, '145-028', '2025-05-21 19:41:48', '2025-05-21 19:41:48'),
(198, 345, 'IMC403', 'MAESTRO MGR 15 KG', 'CT', 15.00, '145-035', '2025-05-21 19:41:48', '2025-05-21 19:41:48'),
(199, 346, 'IMC404', 'MAESTRO MGR 15KG', 'CT', 15.00, '145-235', '2025-05-21 19:41:48', '2025-05-21 19:41:48'),
(200, 347, 'IOB103', 'SB BISCUIT FAT 15KG', 'CT', 15.00, '145-082', '2025-05-21 19:41:48', '2025-05-21 19:41:48'),
(201, 348, 'IOB104', 'SB.BISFAT TOCO 15 KG', 'CT', 15.00, '145-082', '2025-05-21 19:41:48', '2025-05-21 19:41:48'),
(202, 349, 'IOB122', 'SB FILLER FAT 15 KG', 'CT', 15.00, '145-082', '2025-05-21 19:41:48', '2025-05-21 19:41:48'),
(203, 350, 'IOB133', 'SB VFMR 15 KG', 'CT', 15.00, '145-082', '2025-05-21 19:41:48', '2025-05-21 19:41:48'),
(204, 351, 'IOB204', 'SB HVO34-15 KG', 'CT', 15.00, '145-082', '2025-05-21 19:41:48', '2025-05-21 19:41:48'),
(205, 352, 'IOB206', 'SB HVO34 /MB 15KG', 'CT', 15.00, '145-082', '2025-05-21 19:41:48', '2025-05-21 19:41:48'),
(206, 353, 'IOB207', 'SB HVO 34 /SG 15KG', 'CT', 15.00, '145-314', '2025-05-21 19:41:48', '2025-05-21 19:41:48'),
(207, 354, 'IOB301', 'SB COFAT42 -15 KG', 'CT', 15.00, '145-082', '2025-05-21 19:41:48', '2025-05-21 19:41:48'),
(208, 355, 'IOB301-C1', 'SB COFAT 42 G 15KG', 'CT', 15.00, '145-235', '2025-05-21 19:41:48', '2025-05-21 19:41:48'),
(209, 356, 'IOB302', 'SB COFAT 36-15 KG', 'CT', 15.00, '145-082', '2025-05-21 19:42:11', '2025-05-21 19:42:11'),
(210, 357, 'IOB303', 'SB COFAT 32 15 KG', 'CT', 15.00, '145-235', '2025-05-21 19:42:11', '2025-05-21 19:42:11'),
(211, 358, 'IOB305', 'SB COFAT 43 15KG', 'CT', 15.00, '145-235', '2025-05-21 19:42:11', '2025-05-21 19:42:11'),
(212, 359, 'IOC410', 'SB PREMIA MGR15 KG', 'CT', 15.00, '145-235', '2025-05-21 19:42:11', '2025-05-21 19:42:11'),
(213, 360, 'IOC411', 'SB PRIMO MGR 15KG', 'CT', 15.00, '145-235', '2025-05-21 19:42:11', '2025-05-21 19:42:11'),
(214, 361, 'IOC411-C1', 'SB PRIMO MGR 15KG', 'CT', 15.00, '145-235', '2025-05-21 19:42:11', '2025-05-21 19:42:11'),
(215, 362, 'IOC520', 'SB INNOVO BL BTR&MG 15KG', 'CT', 15.00, '145-235', '2025-05-21 19:42:11', '2025-05-21 19:42:11'),
(216, 363, 'IOD540', 'SB EVO PTRY MGR 3X5KG', 'CT', 15.00, '145-082', '2025-05-21 19:42:11', '2025-05-21 19:42:11'),
(217, 364, 'IOG410', 'SB PRESTIZO MGR 15KG', 'CT', 15.00, '145-235', '2025-05-21 19:42:11', '2025-05-21 19:42:11'),
(218, 365, 'IOG601', 'SB INTEGRO 15 KG', 'CT', 15.00, '145-235', '2025-05-21 19:42:11', '2025-05-21 19:42:11'),
(219, 366, 'ISC402', 'MC BAKERY MGR 15KG', 'CT', 15.00, '145-082', '2025-05-21 19:42:11', '2025-05-21 19:42:11'),
(220, 366, 'ISC402', 'MC BAKERY MGR 15KG', 'CT', 15.00, '145-172', '2025-05-21 19:42:11', '2025-05-21 19:42:11'),
(221, 366, 'ISC402', 'MC BAKERY MGR 15KG', 'CT', 15.00, '145-235', '2025-05-21 19:42:11', '2025-05-21 19:42:11'),
(222, 369, 'ISC402-C7', 'MC BAKERY MGR 15KG', 'CT', 15.00, '145-172', '2025-05-21 19:42:11', '2025-05-21 19:42:11'),
(223, 370, 'ISC402-D1', 'MC BAKERY MGR 15 KG', 'CT', 15.00, '145-172', '2025-05-21 19:42:11', '2025-05-21 19:42:11'),
(224, 371, 'ISC402-D2', 'MC BAKERY MGR 15 KG', 'CT', 15.00, '145-172', '2025-05-21 19:42:11', '2025-05-21 19:42:11'),
(225, 372, 'ISC402-D3', 'MC BAKERY MGR 15 KG', 'CT', 15.00, '145-172', '2025-05-21 19:42:11', '2025-05-21 19:42:11'),
(226, 373, 'ISC402-D4', 'MC BAKERY MGR 15 KG', 'CT', 15.00, '145-172', '2025-05-21 19:42:11', '2025-05-21 19:42:11'),
(227, 374, 'ISC402-D5', 'MC BAKERY MGR 15 KG', 'CT', 15.00, '145-172', '2025-05-21 19:42:11', '2025-05-21 19:42:11'),
(228, 375, 'ISC402-D7', 'MC BAKERY MGR 15KG', 'CT', 15.00, '145-172', '2025-05-21 19:42:11', '2025-05-21 19:42:11'),
(229, 376, 'ISC402-D8', 'MC BAKERY MGR 15KG', 'CT', 15.00, '145-172', '2025-05-21 19:42:11', '2025-05-21 19:42:11'),
(230, 377, 'ISC402-D9', 'MC BAKERY MGR 15KG', 'CT', 15.00, '145-172', '2025-05-21 19:42:11', '2025-05-21 19:42:11'),
(231, 378, 'ISC402-E1', 'MC BAKERY MGR 15KG', 'CT', 15.00, '145-172', '2025-05-21 19:42:11', '2025-05-21 19:42:11'),
(232, 379, 'ISC402-E2', 'MC BAKERY MGR 15KG', 'CT', 15.00, '145-172', '2025-05-21 19:42:11', '2025-05-21 19:42:11'),
(233, 380, 'ISC402-E5', 'MC BAKERY MGR 15KG', 'CT', 15.00, '145-172', '2025-05-21 19:42:11', '2025-05-21 19:42:11'),
(234, 381, 'ISC402-E6', 'MC BAKERY MGR 15KG', 'CT', 15.00, '145-172', '2025-05-21 19:42:11', '2025-05-21 19:42:11'),
(235, 382, 'ISC402-E7', 'MC BAKERY MGR 15KG', 'CT', 15.00, '145-172', '2025-05-21 19:42:11', '2025-05-21 19:42:11'),
(236, 383, 'ISC402-E8', 'MC BAKERY MGR 15KG', 'CT', 15.00, '145-172', '2025-05-21 19:42:11', '2025-05-21 19:42:11'),
(237, 384, 'ISC402-E9', 'MC BAKERY MGR 15KG', 'CT', 15.00, '145-172', '2025-05-21 19:42:11', '2025-05-21 19:42:11'),
(238, 385, 'ISC405', 'MC MULTIPUR MGR 15KG', 'CT', 15.00, '145-300', '2025-05-21 19:42:11', '2025-05-21 19:42:11'),
(239, 386, 'ISC406', 'MC BAKERY MGR 15KG', 'CT', 15.00, '145-333', '2025-05-21 19:42:11', '2025-05-21 19:42:11'),
(240, 387, 'IUC501-71', 'MOREMADE OPTIMA FS 15KG', 'CT', 15.00, '145-082', '2025-05-21 19:42:11', '2025-05-21 19:42:11'),
(241, 388, 'IUC502', 'MOREMADE PRIMO F CM 15KG', 'CT', 15.00, '145-235', '2025-05-21 19:42:11', '2025-05-21 19:42:11'),
(242, 389, 'IUC502-C1', 'MOREMADE PRIMO F CM 15KG', 'CT', 15.00, '145-235', '2025-05-21 19:42:11', '2025-05-21 19:42:11'),
(243, 390, 'IUD511-B2', 'MOREMADE PREMIER PS 15KG', 'CT', 15.00, '145-083', '2025-05-21 19:42:11', '2025-05-21 19:42:11'),
(244, 391, 'IUD511-B3', 'MOREMADE PREMIER PS 15KG', 'CT', 15.00, '145-083', '2025-05-21 19:42:11', '2025-05-21 19:42:11'),
(245, 392, 'IUD511-B4', 'MOREMADE PREMIER PS 15KG', 'CT', 15.00, '145-083', '2025-05-21 19:42:11', '2025-05-21 19:42:11'),
(246, 393, 'IUD511-B5', 'MOREMADE PREMIER PS 15KG', 'CT', 15.00, '145-083', '2025-05-21 19:42:11', '2025-05-21 19:42:11'),
(247, 394, 'IUD511-B6', 'MOREMADE PREMIERE P 15KG', 'CT', 15.00, '145-083', '2025-05-21 19:42:11', '2025-05-21 19:42:11'),
(248, 395, 'IUD511-B7', 'MOREMADE PRE PS FPH 15KG', 'CT', 15.00, '145-083', '2025-05-21 19:42:11', '2025-05-21 19:42:11'),
(249, 396, 'IZG402', 'SMAZZ MGR 15KG', 'ct', 15.00, '145-268', '2025-05-21 19:42:11', '2025-05-21 19:42:11'),
(250, 397, 'IZG402-C1', 'SMAZZ MGR 15KG', 'CT', 15.00, '145-268', '2025-05-21 19:42:11', '2025-05-21 19:42:11'),
(251, 398, 'IZG402-D1', 'SMAZZ MGR 15KG', 'ct', 15.00, '145-268', '2025-05-21 19:42:11', '2025-05-21 19:42:11'),
(252, 399, 'IZG404', 'SMAZZ CREAM MGR 15 KG', 'CT', 15.00, '145-285', '2025-05-21 19:42:11', '2025-05-21 19:42:11'),
(253, 400, 'IZG404-D1', 'SMAZZ CREAM MGR 15 KG', 'CT', 15.00, '145-285', '2025-05-21 19:42:11', '2025-05-21 19:42:11'),
(254, 401, 'IZG404-D2', 'SMAZZ CREAM MGR 15 KG', 'CT', 15.00, '145-285', '2025-05-21 19:42:11', '2025-05-21 19:42:11'),
(255, 402, 'IZG505', 'SMAZZ BAKERY COMP 15 KG', 'CT', 15.00, '145-286', '2025-05-21 19:42:11', '2025-05-21 19:42:11'),
(256, 403, 'RSH411-C3 15KG', 'MC BLD BTR&MGR 15KG', 'CT', 15.00, '145-235', '2025-05-21 19:42:11', '2025-05-21 19:42:11'),
(257, 404, 'TQC509', 'BAKERS MIX 15 KG', 'CT', 15.00, '145-182', '2025-05-21 19:42:11', '2025-05-21 19:42:11'),
(258, 405, 'TQC509-C1', 'BAKER\'S MIX SAMPLE 15KG', 'CT', 15.00, '145-235', '2025-05-21 19:42:11', '2025-05-21 19:42:11'),
(259, 406, 'TQC509-D1', 'BAKER\'S MIX /MB 15KG', 'CT', 15.00, '145-182', '2025-05-21 19:42:11', '2025-05-21 19:42:11'),
(260, 406, 'TQC509-D1', 'BAKER\'S MIX /MB 15KG', 'CT', 15.00, '145-235', '2025-05-21 19:42:11', '2025-05-21 19:42:11'),
(261, 408, 'TQC509-E1', 'BAKER\'S MIX /MB 15KG', 'CT', 15.00, '145-182', '2025-05-21 19:42:11', '2025-05-21 19:42:11'),
(262, 408, 'TQC509-E1', 'BAKER\'S MIX /MB 15KG', 'CT', 15.00, '145-235', '2025-05-21 19:42:11', '2025-05-21 19:42:11'),
(263, 410, 'TQC512', 'BAKER\'S MIX 15KG /SG', 'CT', 15.00, '145-182', '2025-05-21 19:42:11', '2025-05-21 19:42:11'),
(264, 411, 'TQC512-D2', 'BAKER\'S MIX SG004 15KG', 'CT', 15.00, '145-235', '2025-05-21 19:42:11', '2025-05-21 19:42:11'),
(265, 412, 'TQC512-E2', 'BAKER’S MIX SG004 15KG', 'CT', 15.00, '145-235', '2025-05-21 19:42:11', '2025-05-21 19:42:11'),
(266, 413, 'TQC515', 'BAKER\'S MIX GOLD/SG 15KG', 'CT', 15.00, '145-235', '2025-05-21 19:42:11', '2025-05-21 19:42:11'),
(267, 414, 'TQC515-D1', 'BAKER\'S MIX GOLD/MB 15KG', 'CT', 15.00, '145-235', '2025-05-21 19:42:11', '2025-05-21 19:42:11'),
(268, 414, 'TQC515-D1', 'BAKER\'S MIX GOLD/MB 15KG', 'CT', 15.00, '145-314', '2025-05-21 19:42:11', '2025-05-21 19:42:11'),
(269, 416, 'XHB307', 'VM CONFAT 15 KG', 'CT', 15.00, '145-227', '2025-05-21 19:42:11', '2025-05-21 19:42:11'),
(270, 417, 'XIB103', 'MAYFLOWER VEG SR 15 KG', 'CT', 15.00, '145-083', '2025-05-21 19:42:11', '2025-05-21 19:42:11'),
(271, 418, 'XIB104', 'MAYFLOWER SHOR /MB 15KG', 'CT', 15.00, '145-221', '2025-05-21 19:42:11', '2025-05-21 19:42:11'),
(272, 419, 'XIB107', 'MAYFLOWER SHOR /SG 15KG', 'CT', 15.00, '145-221', '2025-05-21 19:42:11', '2025-05-21 19:42:11'),
(273, 420, 'XIB160', 'PILOT VEG SR 15KG', 'CT', 15.00, '145-083', '2025-05-21 19:42:11', '2025-05-21 19:42:11'),
(274, 421, 'XIB162', 'PILOT VEG SR 15KG QAT', 'CT', 15.00, '145-083', '2025-05-21 19:42:11', '2025-05-21 19:42:11'),
(275, 422, 'XIB188', 'SNOW WHITE V F S 15KG', 'ct', 15.00, '145-082', '2025-05-21 19:42:11', '2025-05-21 19:42:11'),
(276, 423, 'XIB189', 'SNOW WHITE V F W 15KG', 'CT', 15.00, '145-082', '2025-05-21 19:42:11', '2025-05-21 19:42:11'),
(277, 424, 'XIB192', 'SNOW WHITE V F S 15KG SH', 'CT', 15.00, '145-082', '2025-05-21 19:42:11', '2025-05-21 19:42:11'),
(278, 425, 'XIB265', 'MAYFLOWER MERWP 15KG KW', 'CT', 15.00, '145-083', '2025-05-21 19:42:11', '2025-05-21 19:42:11'),
(279, 426, 'XIB277', 'MAYFLOWER MERWP 15KG /MB', 'CT', 15.00, '145-205', '2025-05-21 19:42:11', '2025-05-21 19:42:11'),
(280, 427, 'XIC103', 'MAYFLOWER VEG SHOR 15KG', 'CT', 15.00, '145-082', '2025-05-21 19:42:11', '2025-05-21 19:42:11'),
(281, 428, 'XIC111', 'MOREMADE VEG SH OZ 15KG', 'CT', 15.00, '145-082', '2025-05-21 19:42:11', '2025-05-21 19:42:11'),
(282, 429, 'XIC113', 'MOREMADE SHORT 15KG W', 'CT', 15.00, '145-082', '2025-05-21 19:42:11', '2025-05-21 19:42:11'),
(283, 430, 'XIC114', 'MOREMADE SHOR S 15KG', 'CT', 15.00, '145-082', '2025-05-21 19:42:11', '2025-05-21 19:42:11'),
(284, 431, 'XIC114-C1', 'MOREMADE SHOR S 15KG TW', 'CT', 15.00, '145-082', '2025-05-21 19:42:11', '2025-05-21 19:42:11'),
(285, 432, 'XIC114-C2', 'MOREMADE SHOR S 15KG TW', 'CT', 15.00, '145-082', '2025-05-21 19:42:11', '2025-05-21 19:42:11'),
(286, 433, 'XIC116', 'BAKERY FAT  15KG HK', 'CT', 15.00, '145-082', '2025-05-21 19:42:11', '2025-05-21 19:42:11'),
(287, 434, 'XIC118', 'MOREMADE VEG SR 15KG', 'CT', 15.00, '145-082', '2025-05-21 19:42:11', '2025-05-21 19:42:11'),
(288, 435, 'XIC121', 'MRMD VEG SH RSPO /MB 15K', 'CT', 15.00, '145-082', '2025-05-21 19:42:11', '2025-05-21 19:42:11'),
(289, 436, 'XIC217', 'GBS/MB 15 KG', 'CT', 15.00, '145-082', '2025-05-21 19:42:11', '2025-05-21 19:42:11'),
(290, 437, 'XIC260', 'GB BOS GUANGDONG 15KG', 'CT', 15.00, '145-314', '2025-05-21 19:42:11', '2025-05-21 19:42:11'),
(291, 438, 'XIC275', 'CITA BOS 15KG', 'CT', 15.00, '145-314', '2025-05-21 19:42:11', '2025-05-21 19:42:11'),
(292, 439, 'XIC275-E', 'CITA BOS 15KG', 'CT', 15.00, '145-314', '2025-05-21 19:42:11', '2025-05-21 19:42:11'),
(293, 440, 'XIC278', 'CITA BOS GUANGDONG 15KG', 'CT', 15.00, '145-314', '2025-05-21 19:42:11', '2025-05-21 19:42:11'),
(294, 441, 'XIC469', 'MAYFLOWER MGR 15KG PG', 'CT', 15.00, '145-082', '2025-05-21 19:42:11', '2025-05-21 19:42:11'),
(295, 441, 'XIC469', 'MAYFLOWER MGR 15KG PG', 'CT', 15.00, '145-296', '2025-05-21 19:42:11', '2025-05-21 19:42:11'),
(296, 443, 'XIC470', 'MAYFLOWER MGR NE 15KG', 'CT', 15.00, '145-235', '2025-05-21 19:42:11', '2025-05-21 19:42:11'),
(297, 444, 'XIC471', 'SUNSHINE MGR 15KG', 'CT', 15.00, '145-082', '2025-05-21 19:42:11', '2025-05-21 19:42:11'),
(298, 445, 'XIC478', 'CITA MGR 15KG', 'CT', 15.00, '145-034', '2025-05-21 19:42:11', '2025-05-21 19:42:11'),
(299, 445, 'XIC478', 'CITA MGR 15KG', 'CT', 15.00, '145-293', '2025-05-21 19:42:11', '2025-05-21 19:42:11'),
(300, 447, 'XIC485', 'BB MGR. 15KG PH', 'CT', 15.00, '145-216', '2025-05-21 19:42:11', '2025-05-21 19:42:11'),
(301, 448, 'XIC491', 'GB MGR. 15KG PH', 'CT', 15.00, '145-218', '2025-05-21 19:42:11', '2025-05-21 19:42:11'),
(302, 449, 'XIC496', 'VEG CAKE M NFNC/MB 15 KG', 'CT', 15.00, '145-082', '2025-05-21 19:42:11', '2025-05-21 19:42:11'),
(303, 450, 'XIC497', 'VEG CAKE MGR 15KG  /MB', 'CT', 15.00, '145-206', '2025-05-21 19:42:11', '2025-05-21 19:42:11'),
(304, 451, 'XIC497-C1', 'VEG CAKE MGR 15KG /MB', 'CT', 15.00, '145-206', '2025-05-21 19:42:11', '2025-05-21 19:42:11'),
(305, 452, 'XIC499', 'DARLEY  MGR 15 KG', 'CT', 15.00, '145-256', '2025-05-21 19:42:11', '2025-05-21 19:42:11'),
(306, 453, 'XIC502', 'GB MARVILLE MGR 15KG', 'CT', 15.00, '145-316', '2025-05-21 19:44:10', '2025-05-21 19:44:10'),
(307, 453, 'XIC502', 'GB MARVILLE MGR 15KG', 'CT', 15.00, '145-326', '2025-05-21 19:44:10', '2025-05-21 19:44:10'),
(308, 455, 'XIC511', 'GB GRAND BTR & MGR 15 KG', 'CT', 15.00, '145-069', '2025-05-21 19:44:10', '2025-05-21 19:44:10'),
(309, 456, 'XID201', 'GBFLAKE PTRY S 3x5KG /MB', 'CT', 15.00, '145-048', '2025-05-21 19:44:10', '2025-05-21 19:44:10'),
(310, 457, 'XID202', 'PINNACLE PF PTR SH 3X5KG', 'CT', 15.00, '145-082', '2025-05-21 19:44:10', '2025-05-21 19:44:10'),
(311, 458, 'XID203', 'GB FLAKE PTY SH 15KG CHN', 'CT', 15.00, '145-048', '2025-05-21 19:44:10', '2025-05-21 19:44:10'),
(312, 459, 'XID501', 'GB FLAKE PTY MG 15KG CHN', 'CT', 15.00, '145-083', '2025-05-21 19:44:10', '2025-05-21 19:44:10'),
(313, 460, 'XID521', 'MAYFLOWER PTRY MGR3x5 KG', 'CT', 15.00, '145-040', '2025-05-21 19:44:10', '2025-05-21 19:44:10'),
(314, 461, 'XIG101', 'SB FILLER FAT W 15KG', 'CT', 15.00, '145-082', '2025-05-21 19:44:10', '2025-05-21 19:44:10'),
(315, 462, 'XIG102', 'SMAZZ BAKER\'S FAT 15KG', 'CT', 15.00, '145-082', '2025-05-21 19:44:10', '2025-05-21 19:44:10'),
(316, 462, 'XIG102', 'SMAZZ BAKER\'S FAT 15KG', 'CT', 15.00, '145-279', '2025-05-21 19:44:10', '2025-05-21 19:44:10'),
(317, 464, 'XIG103', 'SMAZZ SHORTENING 15 KG', 'CT', 15.00, '145-082', '2025-05-21 19:44:10', '2025-05-21 19:44:10'),
(318, 464, 'XIG103', 'SMAZZ SHORTENING 15 KG', 'CT', 15.00, '145-329', '2025-05-21 19:44:11', '2025-05-21 19:44:11'),
(319, 466, 'XIG104', 'SB FILLER FAT S 15KG', 'CT', 15.00, '145-082', '2025-05-21 19:44:11', '2025-05-21 19:44:11'),
(320, 467, 'XIG108', 'MAESTRO BF LOW GE 15KG', 'CT', 15.00, '145-082', '2025-05-21 19:44:11', '2025-05-21 19:44:11'),
(321, 468, 'XIG112', 'ESSENTE SHOR /MB 15KG', 'CT', 15.00, '145-082', '2025-05-21 19:44:11', '2025-05-21 19:44:11'),
(322, 469, 'XIG113', 'ESSENTE SHOR /MB 15KG', 'CT', 15.00, '145-082', '2025-05-21 19:44:11', '2025-05-21 19:44:11'),
(323, 470, 'XIG114', 'MAESTRO BAKR FAT SL 15KG', 'CT', 15.00, '145-082', '2025-05-21 19:44:11', '2025-05-21 19:44:11'),
(324, 471, 'XIG115', 'MAESTRO WHIT FAT SL 15KG', 'CT', 15.00, '145-082', '2025-05-21 19:44:11', '2025-05-21 19:44:11'),
(325, 472, 'XIG303', 'SB COFAT 32 PHP 15KG', 'PC', 15.00, '145-235', '2025-05-21 19:44:11', '2025-05-21 19:44:11'),
(326, 473, 'XIG401', 'SMAZZ MGR 15KG', 'ct', 15.00, '145-268', '2025-05-21 19:44:11', '2025-05-21 19:44:11'),
(327, 473, 'XIG401', 'SMAZZ MGR 15KG', 'ct', 15.00, '145-296', '2025-05-21 19:44:11', '2025-05-21 19:44:11'),
(328, 475, 'XIG404', 'SMAZZ MGR 15KG', 'ct', 15.00, '145-314', '2025-05-21 19:44:11', '2025-05-21 19:44:11'),
(329, 476, 'XIG408', 'SMAZZ BAKER\'S MGR W 15KG', 'CT', 15.00, '145-314', '2025-05-21 19:44:11', '2025-05-21 19:44:11'),
(330, 477, 'XJB626', 'TRADEWINDS F S 15KG /MB', 'CT', 15.00, '145-211', '2025-05-21 19:44:11', '2025-05-21 19:44:11'),
(331, 478, 'XJC405', 'MC BAKERY MGR 15 KG', 'CT', 15.00, '145-172', '2025-05-21 19:44:11', '2025-05-21 19:44:11'),
(332, 479, 'XJC426', 'GB PRIME CAKE  MGR 15KG', 'CT', 15.00, '145-044', '2025-05-21 19:44:11', '2025-05-21 19:44:11'),
(333, 480, 'XJC427', 'GB  PRIMECAKE 15KG', 'CT', 15.00, '145-069', '2025-05-21 19:44:11', '2025-05-21 19:44:11'),
(334, 481, 'XJC428', 'GB AWARD MGR W 15KG', 'CT', 15.00, '145-082', '2025-05-21 19:44:11', '2025-05-21 19:44:11'),
(335, 482, 'XJC429', 'GB AWARD MGR S 15KG', 'CT', 15.00, '145-082', '2025-05-21 19:44:11', '2025-05-21 19:44:11'),
(336, 483, 'XJC430', 'TW AWARD NCNF/MB 15KG', 'CT', 15.00, '145-069', '2025-05-21 19:44:11', '2025-05-21 19:44:11'),
(337, 483, 'XJC430', 'TW AWARD NCNF/MB 15KG', 'CT', 15.00, '145-082', '2025-05-21 19:44:11', '2025-05-21 19:44:11'),
(338, 483, 'XJC430', 'TW AWARD NCNF/MB 15KG', 'CT', 15.00, '145-314', '2025-05-21 19:44:11', '2025-05-21 19:44:11'),
(339, 486, 'XJC431', 'TRADEWINDS AWARD/MB 15KG', 'CT', 15.00, '145-069', '2025-05-21 19:44:11', '2025-05-21 19:44:11'),
(340, 486, 'XJC431', 'TRADEWINDS AWARD/MB 15KG', 'CT', 15.00, '145-082', '2025-05-21 19:44:11', '2025-05-21 19:44:11'),
(341, 488, 'XJC432', 'TW AWARD NATC /MB 15KG', 'CT', 15.00, '145-082', '2025-05-21 19:44:11', '2025-05-21 19:44:11'),
(342, 488, 'XJC432', 'TW AWARD NATC /MB 15KG', 'CT', 15.00, '145-314', '2025-05-21 19:44:11', '2025-05-21 19:44:11'),
(343, 490, 'XJC434', 'TRADEWINDS AWARD/MB 15KG', 'CT', 15.00, '145-069', '2025-05-21 19:44:11', '2025-05-21 19:44:11'),
(344, 490, 'XJC434', 'TRADEWINDS AWARD/MB 15KG', 'CT', 15.00, '145-082', '2025-05-21 19:44:11', '2025-05-21 19:44:11'),
(345, 490, 'XJC434', 'TRADEWINDS AWARD/MB 15KG', 'CT', 15.00, '145-314', '2025-05-21 19:44:11', '2025-05-21 19:44:11'),
(346, 493, 'XJC436', 'MOREMADE INCOR MGR 15 KG', 'CT', 15.00, '145-069', '2025-05-21 19:44:11', '2025-05-21 19:44:11'),
(347, 494, 'XJC437', 'MOREMADE INCOR MGR 15 KG', 'CT', 15.00, '145-069', '2025-05-21 19:44:11', '2025-05-21 19:44:11'),
(348, 495, 'XJC532', 'TRADEWINDS COCO MGR 15KG', 'CT', 15.00, '145-314', '2025-05-21 19:44:11', '2025-05-21 19:44:11'),
(349, 496, 'XJC556', 'PILOT MARVILLE MGR 15KG', 'CT', 15.00, '145-082', '2025-05-21 19:44:11', '2025-05-21 19:44:11'),
(350, 497, 'XJC556-D1', 'PILOT MARVILLE MGR 15KG', 'CT', 15.00, '145-082', '2025-05-21 19:44:11', '2025-05-21 19:44:11'),
(351, 498, 'XJC556-D2', 'PILOT MARVILLE MGR 15KG', 'CT', 15.00, '145-082', '2025-05-21 19:44:11', '2025-05-21 19:44:11'),
(352, 499, 'XJC556-D3', 'PILOT MARVILLE MGR 15KG', 'CT', 15.00, '145-082', '2025-05-21 19:44:11', '2025-05-21 19:44:11'),
(353, 499, 'XJC556-D3', 'PILOT MARVILLE MGR 15KG', 'CT', 15.00, '145-314', '2025-05-21 19:44:11', '2025-05-21 19:44:11'),
(354, 501, 'XJC562', 'MOREMADE MARVILLE M 15KG', 'CT', 15.00, '145-235', '2025-05-21 19:44:11', '2025-05-21 19:44:11'),
(355, 502, 'XJD551', 'NUGGETS PTRY MGR/MB 15KG', 'CT', 15.00, '145-259', '2025-05-21 19:44:11', '2025-05-21 19:44:11'),
(356, 503, 'XJD552', 'NUGGETS PTRY MGR/MB 15KG', 'CT', 15.00, '145-259', '2025-05-21 19:44:11', '2025-05-21 19:44:11'),
(357, 504, 'XJD552-B1', 'NUGGETS PTRY MGR/MB 15KG', 'CT', 15.00, '145-259', '2025-05-21 19:44:11', '2025-05-21 19:44:11'),
(358, 505, 'XIC270', 'GB BREAD-O BF W 16KG', 'CT', 16.00, '145-082', '2025-05-21 19:44:11', '2025-05-21 19:44:11'),
(359, 505, 'XIC270', 'GB BREAD-O BF W 16KG', 'CT', 16.00, '145-281', '2025-05-21 19:44:11', '2025-05-21 19:44:11'),
(360, 507, 'XIC271', 'GB BREAD-O BF S 16KG', 'CT', 16.00, '145-281', '2025-05-21 19:44:11', '2025-05-21 19:44:11'),
(361, 508, 'XIG602', 'BI YAO SHORTENING 16 KG', 'CT', 16.00, '145-281', '2025-05-21 19:44:11', '2025-05-21 19:44:11'),
(362, 509, 'IOB326', 'SB XPLORE SHOR 18KG', 'PL', 18.00, '145-259', '2025-05-21 19:44:11', '2025-05-21 19:44:11'),
(363, 510, '20C512', 'MOREMADE MARVILLE M 20KG', 'CT', 20.00, '145-258', '2025-05-21 19:44:11', '2025-05-21 19:44:11'),
(364, 511, '20C513', 'MOREMADE MARVILLE M 20KG', 'CT', 20.00, '145-258', '2025-05-21 19:44:11', '2025-05-21 19:44:11'),
(365, 512, 'XIC477', 'MAURI SPREAD MGR 20 KG', 'CT', 20.00, '145-259', '2025-05-21 19:44:11', '2025-05-21 19:44:11'),
(366, 513, 'XIC512', 'GB GRAND BTR & MGR 20 KG', 'CT', 20.00, '145-259', '2025-05-21 19:44:11', '2025-05-21 19:44:11'),
(367, 514, 'XIG111', 'BB SH (CREAMING FT) 20KG', 'CT', 20.00, '145-260', '2025-05-21 19:44:11', '2025-05-21 19:44:11'),
(368, 514, 'XIG111', 'BB SH (CREAMING FT) 20KG', 'CT', 20.00, '145-315', '2025-05-21 19:44:11', '2025-05-21 19:44:11'),
(369, 516, 'XJC433', 'TRADEWINDS WH M /SG 20KG', 'CT', 20.00, '145-259', '2025-05-21 19:44:11', '2025-05-21 19:44:11'),
(370, 517, 'XJC509', 'MARVILLE BR 20 KG NZ /MB', 'CT', 20.00, '145-258', '2025-05-21 19:44:11', '2025-05-21 19:44:11'),
(371, 518, 'XJC560', 'GB MARVILLE BR 20 Kg', 'CT', 20.00, '145-259', '2025-05-21 19:44:11', '2025-05-21 19:44:11'),
(372, 519, 'XIB110', 'BB FRYMASTA DEEP FF 25KG', 'CT', 25.00, '145-214', '2025-05-21 19:44:11', '2025-05-21 19:44:11'),
(373, 520, 'XIB112', 'BB  SHOR. 25KG', 'CT', 25.00, '145-215', '2025-05-21 19:44:11', '2025-05-21 19:44:11'),
(374, 521, 'XIB317', 'VM CONFAT 25 KG', 'CT', 25.00, '145-117', '2025-05-21 19:44:11', '2025-05-21 19:44:11'),
(375, 522, 'XJB641', 'BB.DONUT FF 25KG PH', 'CT', 25.00, '145-090', '2025-05-21 19:44:11', '2025-05-21 19:44:11'),
(376, 523, 'XJC544', 'TRADEWINDS BR 25KG /MB', 'CT', 25.00, '145-090', '2025-05-21 19:44:11', '2025-05-21 19:44:11'),
(377, 523, 'XJC544', 'TRADEWINDS BR 25KG /MB', 'CT', 25.00, '145-226', '2025-05-21 19:44:11', '2025-05-21 19:44:11'),
(378, 525, 'XJC546', 'GB. MARVILLE BR 25 KG KW', 'CT', 25.00, '145-090', '2025-05-21 19:44:11', '2025-05-21 19:44:11'),
(379, 526, 'XJC552', 'GB MARVILLE BR 25KG QAT', 'CT', 25.00, '145-090', '2025-05-21 19:44:11', '2025-05-21 19:44:11'),
(380, 527, 'XJC553', 'GB. MARVILLE MGRN', 'CT', 25.00, '145-090', '2025-05-21 19:44:11', '2025-05-21 19:44:11'),
(381, 528, 'XJC554', 'GB MARVILLE BR 25KG', 'CT', 25.00, '145-090', '2025-05-21 19:44:11', '2025-05-21 19:44:11'),
(382, 529, 'XJC555', 'GB MARVILLE BR 25KG BH', 'CT', 25.00, '145-090', '2025-05-21 19:44:11', '2025-05-21 19:44:11'),
(383, 530, 'XJK751', 'RBD PALM OLEIN 180KG', 'DR', 180.00, '146-005', '2025-05-21 19:44:11', '2025-05-21 19:44:11'),
(384, 531, 'XJK770', 'RHCNO 180KG', 'DR', 180.00, '146-005', '2025-05-21 19:44:11', '2025-05-21 19:44:11'),
(385, 532, 'IGB227', 'GB MERRYWHIP CF 900KG', 'PC', 900.00, '147-012', '2025-05-21 19:44:11', '2025-05-21 19:44:11');

-- --------------------------------------------------------

--
-- Table structure for table `item_masters`
--

CREATE TABLE `item_masters` (
  `id` bigint(20) UNSIGNED NOT NULL,
  `parent_item_code` varchar(30) NOT NULL,
  `parent_item_name` varchar(255) NOT NULL,
  `created_at` timestamp NULL DEFAULT NULL,
  `updated_at` timestamp NULL DEFAULT NULL
) ENGINE=InnoDB DEFAULT CHARSET=utf8mb4 COLLATE=utf8mb4_unicode_ci;

--
-- Dumping data for table `item_masters`
--

INSERT INTO `item_masters` (`id`, `parent_item_code`, `parent_item_name`, `created_at`, `updated_at`) VALUES
(160, 'ISC403', 'MC MULTI PUR MGR 4.5 Kg', '2025-05-15 02:35:20', '2025-05-15 20:59:09'),
(161, 'ISC403-C1', 'MC MULTIPUR MGR 4.5 KG', '2025-05-15 02:35:20', '2025-05-15 02:35:20'),
(162, 'ISC403-C2', 'MC MULTIPUR MGR 4.5 KG', '2025-05-15 02:35:20', '2025-05-15 02:35:20'),
(163, 'ISC403-C3', 'MC MULTI PUR MGR 4.5 Kg', '2025-05-15 02:35:20', '2025-05-15 02:35:20'),
(164, 'ISC403-C4', 'MC MULTI PUR MGR 4.5 Kg', '2025-05-15 02:35:20', '2025-05-15 02:35:20'),
(165, 'ISC404', 'MC MULTI PUR MGR 4.5 Kg', '2025-05-15 02:35:20', '2025-05-15 02:35:20'),
(166, '21C201', 'OLAM PROF BB BOS 5KG', '2025-05-15 02:35:20', '2025-05-15 02:35:20'),
(167, 'FGC501', 'GB MARVILLE MGR 5KG', '2025-05-15 02:35:20', '2025-05-15 02:35:20'),
(168, 'FGC501-C1', 'GB MARVILLE MGR 5KG', '2025-05-15 02:35:20', '2025-05-15 02:35:20'),
(169, 'FGC501-C2', 'GB MARVILLE FPHO 5KG', '2025-05-15 02:35:20', '2025-05-15 02:35:20'),
(170, 'FNC517', 'BLF-B 5 KG', '2025-05-15 02:35:20', '2025-05-15 02:35:20'),
(171, 'FNC519', 'BLF-B 5 KG', '2025-05-15 02:35:20', '2025-05-15 02:35:20'),
(172, 'FNC611', 'CAS FRYING FAT 5KG', '2025-05-15 02:35:20', '2025-05-15 02:35:20'),
(173, 'FNC611', 'CAS FRYING FAT 5KG', '2025-05-15 02:35:20', '2025-05-15 02:35:20'),
(174, 'RSH411-C3', 'MC BLD BTR&MGR 5KG', '2025-05-15 02:35:20', '2025-05-15 02:35:20'),
(175, 'XIC501', 'GB MARVILLE BR MGR 5 kG', '2025-05-15 02:35:20', '2025-05-15 02:35:20'),
(176, 'RSE410-C1', 'MC MGR 24 X 250G', '2025-05-15 02:35:20', '2025-05-15 02:35:20'),
(177, 'RSE410-C2', 'MC MGR 24 X 250G', '2025-05-15 02:35:20', '2025-05-15 02:35:20'),
(178, 'RSE410-C3', 'MC MGR 24 X 250G', '2025-05-15 02:35:20', '2025-05-15 02:35:20'),
(179, 'XRE418', 'MC MGR  24 X 250gr', '2025-05-15 02:35:20', '2025-05-15 02:35:20'),
(180, 'XRE418-C1', 'MC  MGR 24 X 250G /MB', '2025-05-15 02:35:20', '2025-05-15 02:35:20'),
(181, 'XRE418-C3', 'MC MGR  24 X 250gr', '2025-05-15 02:35:20', '2025-05-15 02:35:20'),
(182, 'XRE418-C4', 'MC MGR  24 X 250gr', '2025-05-15 02:35:20', '2025-05-15 02:35:20'),
(183, 'XRE418-C5', 'MC MGR 24 X 250gr', '2025-05-15 02:35:20', '2025-05-15 02:35:20'),
(184, 'XRE420', 'MC MGR 24X250GR', '2025-05-15 02:35:20', '2025-05-15 02:35:20'),
(185, 'DN1-TQC509-D', 'TRIAL ROUTING4', '2025-05-15 02:35:20', '2025-05-15 02:35:20'),
(186, 'IGD511', 'GB PREMIER PS BB FP 10KG', '2025-05-15 02:35:20', '2025-05-15 02:35:20'),
(187, 'IGD511-B1', 'GB PREMIER PS BB 10KG', '2025-05-15 02:35:20', '2025-05-15 02:35:20'),
(188, 'IGD511-B1', 'GB PREMIER PS BB 10KG', '2025-05-15 02:35:20', '2025-05-15 02:35:20'),
(189, 'IUD511-B1', 'MOREMADE PREMIER PS 10KG', '2025-05-15 02:35:20', '2025-05-15 02:35:20'),
(190, '21C502', 'ZKA BUTTER 6X2KG', '2025-05-15 02:35:20', '2025-05-15 02:35:20'),
(191, '21C503', 'ZKA BUTTER 6X2KG', '2025-05-15 02:35:20', '2025-05-15 02:35:20'),
(192, '23C411', 'ABC BUMBU NASI MGR 200G', '2025-05-15 02:35:20', '2025-05-15 02:35:20'),
(193, '23C509', 'UNICORN BT & MG /SG 200G', '2025-05-15 02:35:20', '2025-05-15 02:35:20'),
(194, '24C520', 'GB GRAND BTR & MGR 12KG', '2025-05-15 02:35:20', '2025-05-15 02:35:20'),
(195, 'RSF406', 'MC MM 6X2 KG /MB', '2025-05-15 02:35:20', '2025-05-15 02:35:20'),
(196, 'RSF406-C1', 'MC MULTIPUR M 6x2/MB', '2025-05-15 02:35:20', '2025-05-15 02:35:20'),
(197, 'RSF406-C2', 'MC MULTIPUR M 6x2/MB', '2025-05-15 02:35:20', '2025-05-15 02:35:20'),
(198, 'RSF406-C3', 'MC MM 6X2 KG /MB', '2025-05-15 02:35:20', '2025-05-15 02:35:20'),
(199, 'RSF406-C4', 'MC MM 6X2 KG /MB', '2025-05-15 02:35:20', '2025-05-15 02:35:20'),
(200, 'RSF406-C5', 'MC MM 6X2 KG /MB', '2025-05-15 02:35:20', '2025-05-15 02:35:20'),
(201, 'RSF408', 'MC MULTIPUR M 6X2KG /MB', '2025-05-15 02:35:20', '2025-05-15 02:35:20'),
(202, 'XRE419', 'MC MGR 24 x 500gr', '2025-05-15 02:35:20', '2025-05-15 02:35:20'),
(203, 'XRE419-C1', 'MC MGR 24 x 500gr', '2025-05-15 02:35:20', '2025-05-15 02:35:20'),
(204, 'XRE419-C2', 'MC MGR 24 x 500gr', '2025-05-15 02:35:20', '2025-05-15 02:35:20'),
(205, 'XRE419-C3', 'MC MGR 24 x 500gr', '2025-05-15 02:35:20', '2025-05-15 02:35:20'),
(206, 'XRE421', 'MC MGR 24X500GR', '2025-05-15 02:35:20', '2025-05-15 02:35:20'),
(207, 'XRF422', 'MC MULTIPUR M 6x2 KG/MB', '2025-05-15 02:35:20', '2025-05-15 02:35:20'),
(208, 'XRF423', '3T MARGARINE 12 KG', '2025-05-15 02:35:20', '2025-05-15 02:35:20'),
(209, 'XRF423', '3T MARGARINE 12 KG', '2025-05-15 02:35:20', '2025-05-15 02:35:20'),
(210, '19C206', 'GB BOS STAR FRE TRS 15KG', '2025-05-15 02:35:20', '2025-05-15 02:35:20'),
(211, '19C206', 'GB BOS STAR FRE TRS 15KG', '2025-05-15 02:35:20', '2025-05-15 02:35:20'),
(212, '19C513', 'MATCH GIOIA BTR MGR 15KG', '2025-05-15 02:35:20', '2025-05-15 02:35:20'),
(213, '20C502', 'SB MGR MGO 15KG', '2025-05-15 02:35:20', '2025-05-15 02:35:20'),
(214, '20C503', 'SB MGR FTO 15KG', '2025-05-15 02:35:20', '2025-05-15 02:35:20'),
(215, '20C506', 'SB MGR MGO 15KG', '2025-05-15 02:35:20', '2025-05-15 02:35:20'),
(216, '20C507', 'SB MGR FTGO 15KG', '2025-05-15 02:35:20', '2025-05-15 02:35:20'),
(217, '20C508', 'MARVILLE M NAFC /MB 15KG', '2025-05-15 02:35:20', '2025-05-15 02:35:20'),
(218, '20C509', 'MARVILLE M NAF /MB 15KG', '2025-05-15 02:35:20', '2025-05-15 02:35:20'),
(219, '20C510', 'MARVILLE M NAF /MB 15KG', '2025-05-15 02:35:20', '2025-05-15 02:35:20'),
(220, '20G504', 'MARVILLE MG OZ 15KG', '2025-05-15 02:35:20', '2025-05-15 02:35:20'),
(221, '20G505', 'MARVILLE RED SAL OZ 15KG', '2025-05-15 02:35:20', '2025-05-15 02:35:20'),
(222, '20G511', 'MARVILLE BR NAFC /MB 15K', '2025-05-15 02:35:20', '2025-05-15 02:35:20'),
(223, '21C412', 'TRADEWINDS CK MG 15kg/MB', '2025-05-15 02:35:20', '2025-05-15 02:35:20'),
(224, '21C508', 'SB MGR FTG 15KG', '2025-05-15 02:35:20', '2025-05-15 02:35:20'),
(225, '21C509', 'SB MGR FTG 15KG', '2025-05-15 02:35:20', '2025-05-15 02:35:20'),
(226, '21C510', 'SB MGR 15KG', '2025-05-15 02:35:20', '2025-05-15 02:35:20'),
(227, '21C515', 'GB GRAND BT & MG 15KG CN', '2025-05-15 02:35:20', '2025-05-15 02:35:20'),
(228, '21C520', 'TRADEWINDS COCO MGR 15KG', '2025-05-15 02:35:20', '2025-05-15 02:35:20'),
(229, '21D513', 'ROYAL DN PT MGR /MB 15KG', '2025-05-15 02:35:20', '2025-05-15 02:35:20'),
(230, '21G116', 'MOREMADE VEG SH /MB 15KG', '2025-05-15 02:35:20', '2025-05-15 02:35:20'),
(231, '21G510', 'MRMD MARVELLOUS MGR 15KG', '2025-05-15 02:35:20', '2025-05-15 02:35:20'),
(232, '21G519', 'BAKER\'S MIX GOLD 42% 15K', '2025-05-15 02:35:20', '2025-05-15 02:35:20'),
(233, '22C205', 'OLAM IC PROF BB BOS 15KG', '2025-05-15 02:35:20', '2025-05-15 02:35:20'),
(234, '22C410', 'SB PREMIA BLANC MGR 15KG', '2025-05-15 02:35:20', '2025-05-15 02:35:20'),
(235, '22C412', 'CITA SPC CAKE MGR 15KG', '2025-05-15 02:35:20', '2025-05-15 02:35:20'),
(236, '22C413', 'CITA SPC CAKE MGR 15KG', '2025-05-15 02:35:20', '2025-05-15 02:35:20'),
(237, '22C508', 'FKS 2 BTR & MGR 15KG', '2025-05-15 02:35:20', '2025-05-15 02:35:20'),
(238, '22G403-C', 'TRADEWINDS WH 15K/BB /MB', '2025-05-15 02:35:20', '2025-05-15 02:35:20'),
(239, '23C206', 'MOREMADE SAFFIRE BB 15KG', '2025-05-15 02:35:20', '2025-05-15 02:35:20'),
(240, '23C210', 'TRADEWINDS COCO SHR 15KG', '2025-05-15 02:35:20', '2025-05-15 02:35:20'),
(241, '23C213', 'MM SAFFIRE MIX OLAM 15KG', '2025-05-15 02:35:20', '2025-05-15 02:35:20'),
(242, '23C503', 'SB INNOVO BL BTR&MG 15KG', '2025-05-15 02:35:20', '2025-05-15 02:35:20'),
(243, '23C507', 'INZAGHI FONT FL /SG 15KG', '2025-05-15 02:35:20', '2025-05-15 02:35:20'),
(244, '23C508', 'INZAGHI BT & MG /SG 15KG', '2025-05-15 02:35:20', '2025-05-15 02:35:20'),
(245, '23C520', 'TRADEWINDS COCO MGR 15KG', '2025-05-15 02:35:20', '2025-05-15 02:35:20'),
(246, '24C511', 'WINGSAN BL BTR&MG 15KG', '2025-05-15 02:35:20', '2025-05-15 02:35:20'),
(247, '24C513', 'WINGSAN BL BTR&MG 15KG', '2025-05-15 02:35:20', '2025-05-15 02:35:20'),
(248, '24C514', 'WINGSAN BL BTR&MG 15KG', '2025-05-15 02:35:20', '2025-05-15 02:35:20'),
(249, '24C515', 'INZAGHI FONT FOR/MB 15KG', '2025-05-15 02:35:20', '2025-05-15 02:35:20'),
(250, '24C516', 'INZAGHI FONT FOR/SG 15KG', '2025-05-15 02:35:20', '2025-05-15 02:35:20'),
(251, '24C517', 'BAKER\'S MIX GOLD/SG 15KG', '2025-05-15 02:35:20', '2025-05-15 02:35:20'),
(252, '24C518', 'BAKER\'S MIX GOLD/SG 15KG', '2025-05-15 02:35:20', '2025-05-15 02:35:20'),
(253, '24C519', 'BB SINERGI E06 /SG 15KG', '2025-05-15 02:35:20', '2025-05-15 02:35:20'),
(254, '24C521', 'BB SINERGI E07 /SG 15KG', '2025-05-15 02:35:20', '2025-05-15 02:35:20'),
(255, '24C522', 'BB SINERGI E08 /SG 15KG', '2025-05-15 02:35:20', '2025-05-15 02:35:20'),
(256, '24C523', 'BAKER\'S MIX BB /MB 15KG', '2025-05-15 02:35:20', '2025-05-15 02:35:20'),
(257, 'FGB603', 'GB FRYMASTA FF 15KG', '2025-05-15 02:35:20', '2025-05-15 02:35:20'),
(258, 'FGB608', 'GB FRYMASTA STAR FF 15KG', '2025-05-15 02:35:20', '2025-05-15 02:35:20'),
(259, 'FGC502', 'GB MARVILLE BR MG 15KG', '2025-05-15 02:35:20', '2025-05-15 02:35:20'),
(260, 'FGC502-C1', 'GB MARVILLE 15KG', '2025-05-15 02:35:20', '2025-05-15 02:35:20'),
(261, 'FGC503', 'GB MARVILLE BR MG 15KG', '2025-05-15 02:35:20', '2025-05-15 02:35:20'),
(262, 'FNB601', 'DUNKIN\' DONUTS FF 15KG', '2025-05-15 02:35:20', '2025-05-15 02:35:20'),
(263, 'FNB613', 'J.CO FRYING FAT 15 kg', '2025-05-15 02:35:20', '2025-05-15 02:35:20'),
(264, 'FNB614', 'FF300144-FF 15KG', '2025-05-15 02:35:20', '2025-05-15 02:35:20'),
(265, 'FNC417', 'MAJESTYK  MGR 15KG', '2025-05-15 02:35:20', '2025-05-15 02:35:20'),
(266, 'FNC418', 'DE PRIMA MGRN15 KG', '2025-05-15 02:35:20', '2025-05-15 02:35:20'),
(267, 'FND518', 'DE PRIMA BB 15Kg', '2025-05-15 02:35:20', '2025-05-15 02:35:20'),
(268, 'FND518-B1', 'DE PRIMA BB 15Kg', '2025-05-15 02:35:20', '2025-05-15 02:35:20'),
(269, 'FNG410', 'TBH MARGARINE 15 KG', '2025-05-15 02:35:20', '2025-05-15 02:35:20'),
(270, 'FNG620', 'HOT STAR FF 15 KG', '2025-05-15 02:35:20', '2025-05-15 02:35:20'),
(271, 'FNG622', 'CAS C MYK  GOR PADAT15KG', '2025-05-15 02:35:20', '2025-05-15 02:35:20'),
(272, 'FNG624', 'HYDROGENATED VEG FF 15KG', '2025-05-15 02:35:20', '2025-05-15 02:35:20'),
(273, 'FNG626', 'CAS FRYING FAT 15 KG', '2025-05-15 02:35:20', '2025-05-15 02:35:20'),
(274, 'FNG627', 'VEGETABLE FF 15KG', '2025-05-15 02:35:20', '2025-05-15 02:35:20'),
(275, 'FNG628', 'D\'BESTO FF 15KG', '2025-05-15 02:35:20', '2025-05-15 02:35:20'),
(276, 'FNG629', 'KAF FRYING FAT 15KG', '2025-05-15 02:35:20', '2025-05-15 02:35:20'),
(277, 'FNG630', 'OLIVE FRYING FAT 15KG', '2025-05-15 02:35:20', '2025-05-15 02:35:20'),
(278, 'FNG631', 'D\'TOP MYK GRG PADAT 15KG', '2025-05-15 02:35:20', '2025-05-15 02:35:20'),
(279, 'FNG632', 'DUNKIN\' FF 15KG', '2025-05-15 02:35:20', '2025-05-15 02:35:20'),
(280, 'ICB101', 'CITA SHOR 15 KG', '2025-05-15 02:35:20', '2025-05-15 02:35:20'),
(281, 'ICB606', 'CITA FRY 15 KG', '2025-05-15 02:35:20', '2025-05-15 02:35:20'),
(282, 'ICC402', 'CITA MGR 15KG', '2025-05-15 02:35:20', '2025-05-15 02:35:20'),
(283, 'ICC402-C1', 'CITA MGR 15KG', '2025-05-15 02:35:20', '2025-05-15 02:35:20'),
(284, 'ICC402-C2', 'CITA MGR 15KG', '2025-05-15 02:35:20', '2025-05-15 02:35:20'),
(285, 'ICC402-D1', 'CITA MGR 15KG', '2025-05-15 02:35:20', '2025-05-15 02:35:20'),
(286, 'ICC404', 'CITA WHITE MGR 15 KG', '2025-05-15 02:35:20', '2025-05-15 02:35:20'),
(287, 'ICC407', 'CITA CREAM MGR 15 KG', '2025-05-15 02:35:20', '2025-05-15 02:35:20'),
(288, 'ICC411', 'CITA PREMIA MGR 15KG', '2025-05-15 02:35:20', '2025-05-15 02:35:20'),
(289, 'ICC411-C1', 'CITA PREMIA MGR 15KG', '2025-05-15 02:35:20', '2025-05-15 02:35:20'),
(290, 'ICC411-C2', 'CITA PREMIA MGR 15KG', '2025-05-15 02:35:20', '2025-05-15 02:35:20'),
(291, 'ICC411-C3', 'CITA PREMIA MGR 15KG', '2025-05-15 02:35:20', '2025-05-15 02:35:20'),
(292, 'ICC509', 'CITA BAKERY COMP -15KG', '2025-05-15 02:35:20', '2025-05-15 02:35:20'),
(293, 'IGB119', 'GB BREAD-O BREAD F 15KG', '2025-05-15 02:35:20', '2025-05-15 02:35:20'),
(294, 'IGB215', 'GB MEDAL  MGR 15 KG', '2025-05-15 02:35:20', '2025-05-15 02:35:20'),
(295, 'IGB312', 'GB TREAT CONFEC F 15KG', '2025-05-15 02:35:20', '2025-05-15 02:35:20'),
(296, 'IGB312', 'GB TREAT CONFEC F 15KG', '2025-05-15 02:35:20', '2025-05-15 02:35:20'),
(297, 'IGB312-C1', 'GB TREAT CONFECT F 15 KG', '2025-05-15 02:35:20', '2025-05-15 02:35:20'),
(298, 'IGB312-C1', 'GB TREAT CONFECT F 15 KG', '2025-05-15 02:35:20', '2025-05-15 02:35:20'),
(299, 'IGC117', 'GB S\'PERIOR W F 15KG', '2025-05-15 02:35:20', '2025-05-15 02:35:20'),
(300, 'IGC211', 'GB BOS 15KG', '2025-05-15 02:35:20', '2025-05-15 02:35:20'),
(301, 'IGC223', 'GB BOS STAR 15 KG', '2025-05-15 02:35:20', '2025-05-15 02:35:20'),
(302, 'IGC408', 'GB AWARD MGR 15KG', '2025-05-15 02:35:20', '2025-05-15 02:35:20'),
(303, 'IGC418', 'GB PRIME CAKE MGR 15KG', '2025-05-15 02:35:20', '2025-05-15 02:35:20'),
(304, 'IGC418-C1', 'GB PRIME CAKE MGR 15KG', '2025-05-15 02:35:20', '2025-05-15 02:35:20'),
(305, 'IGC418-C2', 'GB PRIME CAKE PHO 15KG', '2025-05-15 02:35:20', '2025-05-15 02:35:20'),
(306, 'IGC530', 'GB. GRAND BTR & MGR 15KG', '2025-05-15 02:35:20', '2025-05-15 02:35:20'),
(307, 'IGC530', 'GB. GRAND BTR & MGR 15KG', '2025-05-15 02:35:20', '2025-05-15 02:35:20'),
(308, 'IGC530-C3', 'GB. GRAND BTR & MGR 15KG', '2025-05-15 02:35:20', '2025-05-15 02:35:20'),
(309, 'IGC530-D1', 'GB. GRAND BTR & MGR 15KG', '2025-05-15 02:35:20', '2025-05-15 02:35:20'),
(310, 'IGC530-D1', 'GB. GRAND BTR & MGR 15KG', '2025-05-15 02:35:20', '2025-05-15 02:35:20'),
(311, 'IGC530-D2', 'GB. GRAND BTR & MGR 15KG', '2025-05-15 02:35:20', '2025-05-15 02:35:20'),
(312, 'IGC530-D2', 'GB. GRAND BTR & MGR 15KG', '2025-05-15 02:35:20', '2025-05-15 02:35:20'),
(313, 'IGC530-D3', 'GB. GRAND BTR & MGR 15KG', '2025-05-15 02:35:20', '2025-05-15 02:35:20'),
(314, 'IGC530-D3', 'GB. GRAND BTR & MGR 15KG', '2025-05-15 02:35:20', '2025-05-15 02:35:20'),
(315, 'IGC530-D4', 'GB. GRAND BTR & MGR 15KG', '2025-05-15 02:35:20', '2025-05-15 02:35:20'),
(316, 'IGC530-D5', 'GB. GRAND BTR & MGR 15KG', '2025-05-15 02:35:20', '2025-05-15 02:35:20'),
(317, 'IGC530-D6', 'GB. GRAND BTR & MGR 15KG', '2025-05-15 02:35:20', '2025-05-15 02:35:20'),
(318, 'IGC530-D7', 'GB. GRAND BTR & MGR 15KG', '2025-05-15 02:35:20', '2025-05-15 02:35:20'),
(319, 'IGC530-D8', 'GB. GRAND BTR & MGR 15KG', '2025-05-15 02:35:20', '2025-05-15 02:35:20'),
(320, 'IGC530-E2', 'GB. GRAND BTR & MGR 15KG', '2025-05-15 02:35:20', '2025-05-15 02:35:20'),
(321, 'IGD220', 'GB FLAKE PTRY SR 15KG', '2025-05-15 02:35:20', '2025-05-15 02:35:20'),
(322, 'IGD220-B1', 'GB FLAKE PTRY SR 15KG', '2025-05-15 02:35:20', '2025-05-15 02:35:20'),
(323, 'IGD220-B2', 'GB FLAKE PTRY SR 15KG', '2025-05-15 02:35:20', '2025-05-15 02:35:20'),
(324, 'IGD220-B3', 'GB FLAKE PTRY SH 15KG', '2025-05-15 02:35:20', '2025-05-15 02:35:20'),
(325, 'IGD220-B3', 'GB FLAKE PTRY SH 15KG', '2025-05-15 02:35:20', '2025-05-15 02:35:20'),
(326, 'IGD220-B4', 'GB FLAKE PTRY SH 15KG', '2025-05-15 02:35:20', '2025-05-15 02:35:20'),
(327, 'IGD220-B5', 'GB FLAKE PTRY SH 15KG', '2025-05-15 02:35:20', '2025-05-15 02:35:20'),
(328, 'IGD220-B6', 'GB FLAKE PTRY SH 15KG', '2025-05-15 02:35:20', '2025-05-15 02:35:20'),
(329, 'IGD509-B3', 'GB FLAKE PTRY MGR 15 KG', '2025-05-15 02:35:20', '2025-05-15 02:35:20'),
(330, 'IGD509-B4', 'GB FLAKE PTRY MGR 15KG', '2025-05-15 02:35:20', '2025-05-15 02:35:20'),
(331, 'IGD509-B5', 'GB FLAKE PTRY MGR 15KG', '2025-05-15 02:35:20', '2025-05-15 02:35:20'),
(332, 'IGD509-B6', 'GB FLAKE PTRY MGR 15KG', '2025-05-15 02:35:20', '2025-05-15 02:35:20'),
(333, 'IGD509-B7', 'GB FLAKE PTRY MGR 15KG', '2025-05-15 02:35:20', '2025-05-15 02:35:20'),
(334, 'IGD510', 'GB DANISH PTSRY MGR 15KG', '2025-05-15 02:35:20', '2025-05-15 02:35:20'),
(335, 'IGD510-B1', 'GB DANISH PTSRY MGR 15KG', '2025-05-15 02:35:20', '2025-05-15 02:35:20'),
(336, 'IGD510-B2', 'GB DANISH PTSRY MGR 15KG', '2025-05-15 02:35:20', '2025-05-15 02:35:20'),
(337, 'IGD510-B3', 'GB DANISH PM FPHO 15KG', '2025-05-15 02:35:20', '2025-05-15 02:35:20'),
(338, 'IGD510-B4', 'GB DANISH PM FPHO 15KG', '2025-05-15 02:35:20', '2025-05-15 02:35:20'),
(339, 'IGD511-B2', 'GB PREMIER PS BB 15KG', '2025-05-15 02:35:20', '2025-05-15 02:35:20'),
(340, 'IGD511-B3', 'GB BUTTERY PTRY MGR 15KG', '2025-05-15 02:35:20', '2025-05-15 02:35:20'),
(341, 'IMB101', 'MAESTRO BAKERS FAT 15 KG', '2025-05-15 02:35:20', '2025-05-15 02:35:20'),
(342, 'IMB101-D', 'MAESTRO BAKERS FAT 15 KG', '2025-05-15 02:35:20', '2025-05-15 02:35:20'),
(343, 'IMB102', 'MAESTRO WHITE FAT 15 KG', '2025-05-15 02:35:20', '2025-05-15 02:35:20'),
(344, 'IMB104', 'MAESTRO BF 15KG INDUSTRY', '2025-05-15 02:35:20', '2025-05-15 02:35:20'),
(345, 'IMC403', 'MAESTRO MGR 15 KG', '2025-05-15 02:35:20', '2025-05-15 02:35:20'),
(346, 'IMC404', 'MAESTRO MGR 15KG', '2025-05-15 02:35:20', '2025-05-15 02:35:20'),
(347, 'IOB103', 'SB BISCUIT FAT 15KG', '2025-05-15 02:35:20', '2025-05-15 02:35:20'),
(348, 'IOB104', 'SB.BISFAT TOCO 15 KG', '2025-05-15 02:35:20', '2025-05-15 02:35:20'),
(349, 'IOB122', 'SB FILLER FAT 15 KG', '2025-05-15 02:35:20', '2025-05-15 02:35:20'),
(350, 'IOB133', 'SB VFMR 15 KG', '2025-05-15 02:35:20', '2025-05-15 02:35:20'),
(351, 'IOB204', 'SB HVO34-15 KG', '2025-05-15 02:35:20', '2025-05-15 02:35:20'),
(352, 'IOB206', 'SB HVO34 /MB 15KG', '2025-05-15 02:35:20', '2025-05-15 02:35:20'),
(353, 'IOB207', 'SB HVO 34 /SG 15KG', '2025-05-15 02:35:20', '2025-05-15 02:35:20'),
(354, 'IOB301', 'SB COFAT42 -15 KG', '2025-05-15 02:35:20', '2025-05-15 02:35:20'),
(355, 'IOB301-C1', 'SB COFAT 42 G 15KG', '2025-05-15 02:35:20', '2025-05-15 02:35:20'),
(356, 'IOB302', 'SB COFAT 36-15 KG', '2025-05-15 02:35:20', '2025-05-15 02:35:20'),
(357, 'IOB303', 'SB COFAT 32 15 KG', '2025-05-15 02:35:20', '2025-05-15 02:35:20'),
(358, 'IOB305', 'SB COFAT 43 15KG', '2025-05-15 02:35:20', '2025-05-15 02:35:20'),
(359, 'IOC410', 'SB PREMIA MGR15 KG', '2025-05-15 02:35:20', '2025-05-15 02:35:20'),
(360, 'IOC411', 'SB PRIMO MGR 15KG', '2025-05-15 02:35:20', '2025-05-15 02:35:20'),
(361, 'IOC411-C1', 'SB PRIMO MGR 15KG', '2025-05-15 02:35:20', '2025-05-15 02:35:20'),
(362, 'IOC520', 'SB INNOVO BL BTR&MG 15KG', '2025-05-15 02:35:20', '2025-05-15 02:35:20'),
(363, 'IOD540', 'SB EVO PTRY MGR 3X5KG', '2025-05-15 02:35:20', '2025-05-15 02:35:20'),
(364, 'IOG410', 'SB PRESTIZO MGR 15KG', '2025-05-15 02:35:20', '2025-05-15 02:35:20'),
(365, 'IOG601', 'SB INTEGRO 15 KG', '2025-05-15 02:35:20', '2025-05-15 02:35:20'),
(366, 'ISC402', 'MC BAKERY MGR 15KG', '2025-05-15 02:35:20', '2025-05-15 02:35:20'),
(367, 'ISC402', 'MC BAKERY MGR 15KG', '2025-05-15 02:35:20', '2025-05-15 02:35:20'),
(368, 'ISC402', 'MC BAKERY MGR 15KG', '2025-05-15 02:35:20', '2025-05-15 02:35:20'),
(369, 'ISC402-C7', 'MC BAKERY MGR 15KG', '2025-05-15 02:35:20', '2025-05-15 02:35:20'),
(370, 'ISC402-D1', 'MC BAKERY MGR 15 KG', '2025-05-15 02:35:20', '2025-05-15 02:35:20'),
(371, 'ISC402-D2', 'MC BAKERY MGR 15 KG', '2025-05-15 02:35:20', '2025-05-15 02:35:20'),
(372, 'ISC402-D3', 'MC BAKERY MGR 15 KG', '2025-05-15 02:35:20', '2025-05-15 02:35:20'),
(373, 'ISC402-D4', 'MC BAKERY MGR 15 KG', '2025-05-15 02:35:20', '2025-05-15 02:35:20'),
(374, 'ISC402-D5', 'MC BAKERY MGR 15 KG', '2025-05-15 02:35:20', '2025-05-15 02:35:20'),
(375, 'ISC402-D7', 'MC BAKERY MGR 15KG', '2025-05-15 02:35:20', '2025-05-15 02:35:20'),
(376, 'ISC402-D8', 'MC BAKERY MGR 15KG', '2025-05-15 02:35:20', '2025-05-15 02:35:20'),
(377, 'ISC402-D9', 'MC BAKERY MGR 15KG', '2025-05-15 02:35:20', '2025-05-15 02:35:20'),
(378, 'ISC402-E1', 'MC BAKERY MGR 15KG', '2025-05-15 02:35:20', '2025-05-15 02:35:20'),
(379, 'ISC402-E2', 'MC BAKERY MGR 15KG', '2025-05-15 02:35:20', '2025-05-15 02:35:20'),
(380, 'ISC402-E5', 'MC BAKERY MGR 15KG', '2025-05-15 02:35:20', '2025-05-15 02:35:20'),
(381, 'ISC402-E6', 'MC BAKERY MGR 15KG', '2025-05-15 02:35:20', '2025-05-15 02:35:20'),
(382, 'ISC402-E7', 'MC BAKERY MGR 15KG', '2025-05-15 02:35:20', '2025-05-15 02:35:20'),
(383, 'ISC402-E8', 'MC BAKERY MGR 15KG', '2025-05-15 02:35:20', '2025-05-15 02:35:20'),
(384, 'ISC402-E9', 'MC BAKERY MGR 15KG', '2025-05-15 02:35:20', '2025-05-15 02:35:20'),
(385, 'ISC405', 'MC MULTIPUR MGR 15KG', '2025-05-15 02:35:20', '2025-05-15 02:35:20'),
(386, 'ISC406', 'MC BAKERY MGR 15KG', '2025-05-15 02:35:20', '2025-05-15 02:35:20'),
(387, 'IUC501-71', 'MOREMADE OPTIMA FS 15KG', '2025-05-15 02:35:20', '2025-05-15 02:35:20'),
(388, 'IUC502', 'MOREMADE PRIMO F CM 15KG', '2025-05-15 02:35:20', '2025-05-15 02:35:20'),
(389, 'IUC502-C1', 'MOREMADE PRIMO F CM 15KG', '2025-05-15 02:35:20', '2025-05-15 02:35:20'),
(390, 'IUD511-B2', 'MOREMADE PREMIER PS 15KG', '2025-05-15 02:35:20', '2025-05-15 02:35:20'),
(391, 'IUD511-B3', 'MOREMADE PREMIER PS 15KG', '2025-05-15 02:35:20', '2025-05-15 02:35:20'),
(392, 'IUD511-B4', 'MOREMADE PREMIER PS 15KG', '2025-05-15 02:35:20', '2025-05-15 02:35:20'),
(393, 'IUD511-B5', 'MOREMADE PREMIER PS 15KG', '2025-05-15 02:35:20', '2025-05-15 02:35:20'),
(394, 'IUD511-B6', 'MOREMADE PREMIERE P 15KG', '2025-05-15 02:35:20', '2025-05-15 02:35:20'),
(395, 'IUD511-B7', 'MOREMADE PRE PS FPH 15KG', '2025-05-15 02:35:20', '2025-05-15 02:35:20'),
(396, 'IZG402', 'SMAZZ MGR 15KG', '2025-05-15 02:35:20', '2025-05-15 02:35:20'),
(397, 'IZG402-C1', 'SMAZZ MGR 15KG', '2025-05-15 02:35:20', '2025-05-15 02:35:20'),
(398, 'IZG402-D1', 'SMAZZ MGR 15KG', '2025-05-15 02:35:20', '2025-05-15 02:35:20'),
(399, 'IZG404', 'SMAZZ CREAM MGR 15 KG', '2025-05-15 02:35:20', '2025-05-15 02:35:20'),
(400, 'IZG404-D1', 'SMAZZ CREAM MGR 15 KG', '2025-05-15 02:35:20', '2025-05-15 02:35:20'),
(401, 'IZG404-D2', 'SMAZZ CREAM MGR 15 KG', '2025-05-15 02:35:20', '2025-05-15 02:35:20'),
(402, 'IZG505', 'SMAZZ BAKERY COMP 15 KG', '2025-05-15 02:35:20', '2025-05-15 02:35:20'),
(403, 'RSH411-C3 15KG', 'MC BLD BTR&MGR 15KG', '2025-05-15 02:35:20', '2025-05-15 02:35:20'),
(404, 'TQC509', 'BAKERS MIX 15 KG', '2025-05-15 02:35:20', '2025-05-15 02:35:20'),
(405, 'TQC509-C1', 'BAKER\'S MIX SAMPLE 15KG', '2025-05-15 02:35:20', '2025-05-15 02:35:20'),
(406, 'TQC509-D1', 'BAKER\'S MIX /MB 15KG', '2025-05-15 02:35:20', '2025-05-15 02:35:20'),
(407, 'TQC509-D1', 'BAKER\'S MIX /MB 15KG', '2025-05-15 02:35:20', '2025-05-15 02:35:20'),
(408, 'TQC509-E1', 'BAKER\'S MIX /MB 15KG', '2025-05-15 02:35:20', '2025-05-15 02:35:20'),
(409, 'TQC509-E1', 'BAKER\'S MIX /MB 15KG', '2025-05-15 02:35:20', '2025-05-15 02:35:20'),
(410, 'TQC512', 'BAKER\'S MIX 15KG /SG', '2025-05-15 02:35:20', '2025-05-15 02:35:20'),
(411, 'TQC512-D2', 'BAKER\'S MIX SG004 15KG', '2025-05-15 02:35:20', '2025-05-15 02:35:20'),
(412, 'TQC512-E2', 'BAKER’S MIX SG004 15KG', '2025-05-15 02:35:20', '2025-05-15 02:35:20'),
(413, 'TQC515', 'BAKER\'S MIX GOLD/SG 15KG', '2025-05-15 02:35:20', '2025-05-15 02:35:20'),
(414, 'TQC515-D1', 'BAKER\'S MIX GOLD/MB 15KG', '2025-05-15 02:35:20', '2025-05-15 02:35:20'),
(415, 'TQC515-D1', 'BAKER\'S MIX GOLD/MB 15KG', '2025-05-15 02:35:20', '2025-05-15 02:35:20'),
(416, 'XHB307', 'VM CONFAT 15 KG', '2025-05-15 02:35:20', '2025-05-15 02:35:20'),
(417, 'XIB103', 'MAYFLOWER VEG SR 15 KG', '2025-05-15 02:35:20', '2025-05-15 02:35:20'),
(418, 'XIB104', 'MAYFLOWER SHOR /MB 15KG', '2025-05-15 02:35:20', '2025-05-15 02:35:20'),
(419, 'XIB107', 'MAYFLOWER SHOR /SG 15KG', '2025-05-15 02:35:20', '2025-05-15 02:35:20'),
(420, 'XIB160', 'PILOT VEG SR 15KG', '2025-05-15 02:35:20', '2025-05-15 02:35:20'),
(421, 'XIB162', 'PILOT VEG SR 15KG QAT', '2025-05-15 02:35:20', '2025-05-15 02:35:20'),
(422, 'XIB188', 'SNOW WHITE V F S 15KG', '2025-05-15 02:35:20', '2025-05-15 02:35:20'),
(423, 'XIB189', 'SNOW WHITE V F W 15KG', '2025-05-15 02:35:20', '2025-05-15 02:35:20'),
(424, 'XIB192', 'SNOW WHITE V F S 15KG SH', '2025-05-15 02:35:20', '2025-05-15 02:35:20'),
(425, 'XIB265', 'MAYFLOWER MERWP 15KG KW', '2025-05-15 02:35:20', '2025-05-15 02:35:20'),
(426, 'XIB277', 'MAYFLOWER MERWP 15KG /MB', '2025-05-15 02:35:20', '2025-05-15 02:35:20'),
(427, 'XIC103', 'MAYFLOWER VEG SHOR 15KG', '2025-05-15 02:35:20', '2025-05-15 02:35:20'),
(428, 'XIC111', 'MOREMADE VEG SH OZ 15KG', '2025-05-15 02:35:20', '2025-05-15 02:35:20'),
(429, 'XIC113', 'MOREMADE SHORT 15KG W', '2025-05-15 02:35:20', '2025-05-15 02:35:20'),
(430, 'XIC114', 'MOREMADE SHOR S 15KG', '2025-05-15 02:35:20', '2025-05-15 02:35:20'),
(431, 'XIC114-C1', 'MOREMADE SHOR S 15KG TW', '2025-05-15 02:35:20', '2025-05-15 02:35:20'),
(432, 'XIC114-C2', 'MOREMADE SHOR S 15KG TW', '2025-05-15 02:35:20', '2025-05-15 02:35:20'),
(433, 'XIC116', 'BAKERY FAT  15KG HK', '2025-05-15 02:35:20', '2025-05-15 02:35:20'),
(434, 'XIC118', 'MOREMADE VEG SR 15KG', '2025-05-15 02:35:20', '2025-05-15 02:35:20'),
(435, 'XIC121', 'MRMD VEG SH RSPO /MB 15K', '2025-05-15 02:35:20', '2025-05-15 02:35:20'),
(436, 'XIC217', 'GBS/MB 15 KG', '2025-05-15 02:35:20', '2025-05-15 02:35:20'),
(437, 'XIC260', 'GB BOS GUANGDONG 15KG', '2025-05-15 02:35:20', '2025-05-15 02:35:20'),
(438, 'XIC275', 'CITA BOS 15KG', '2025-05-15 02:35:20', '2025-05-15 02:35:20'),
(439, 'XIC275-E', 'CITA BOS 15KG', '2025-05-15 02:35:20', '2025-05-15 02:35:20'),
(440, 'XIC278', 'CITA BOS GUANGDONG 15KG', '2025-05-15 02:35:20', '2025-05-15 02:35:20'),
(441, 'XIC469', 'MAYFLOWER MGR 15KG PG', '2025-05-15 02:35:20', '2025-05-15 02:35:20'),
(442, 'XIC469', 'MAYFLOWER MGR 15KG PG', '2025-05-15 02:35:20', '2025-05-15 02:35:20'),
(443, 'XIC470', 'MAYFLOWER MGR NE 15KG', '2025-05-15 02:35:20', '2025-05-15 02:35:20'),
(444, 'XIC471', 'SUNSHINE MGR 15KG', '2025-05-15 02:35:20', '2025-05-15 02:35:20'),
(445, 'XIC478', 'CITA MGR 15KG', '2025-05-15 02:35:20', '2025-05-15 02:35:20'),
(446, 'XIC478', 'CITA MGR 15KG', '2025-05-15 02:35:20', '2025-05-15 02:35:20'),
(447, 'XIC485', 'BB MGR. 15KG PH', '2025-05-15 02:35:20', '2025-05-15 02:35:20'),
(448, 'XIC491', 'GB MGR. 15KG PH', '2025-05-15 02:35:20', '2025-05-15 02:35:20'),
(449, 'XIC496', 'VEG CAKE M NFNC/MB 15 KG', '2025-05-15 02:35:20', '2025-05-15 02:35:20'),
(450, 'XIC497', 'VEG CAKE MGR 15KG  /MB', '2025-05-15 02:35:20', '2025-05-15 02:35:20'),
(451, 'XIC497-C1', 'VEG CAKE MGR 15KG /MB', '2025-05-15 02:35:20', '2025-05-15 02:35:20'),
(452, 'XIC499', 'DARLEY  MGR 15 KG', '2025-05-15 02:35:20', '2025-05-15 02:35:20'),
(453, 'XIC502', 'GB MARVILLE MGR 15KG', '2025-05-15 02:35:20', '2025-05-15 02:35:20'),
(454, 'XIC502', 'GB MARVILLE MGR 15KG', '2025-05-15 02:35:20', '2025-05-15 02:35:20'),
(455, 'XIC511', 'GB GRAND BTR & MGR 15 KG', '2025-05-15 02:35:20', '2025-05-15 02:35:20'),
(456, 'XID201', 'GBFLAKE PTRY S 3x5KG /MB', '2025-05-15 02:35:20', '2025-05-15 02:35:20'),
(457, 'XID202', 'PINNACLE PF PTR SH 3X5KG', '2025-05-15 02:35:20', '2025-05-15 02:35:20'),
(458, 'XID203', 'GB FLAKE PTY SH 15KG CHN', '2025-05-15 02:35:20', '2025-05-15 02:35:20'),
(459, 'XID501', 'GB FLAKE PTY MG 15KG CHN', '2025-05-15 02:35:20', '2025-05-15 02:35:20'),
(460, 'XID521', 'MAYFLOWER PTRY MGR3x5 KG', '2025-05-15 02:35:20', '2025-05-15 02:35:20'),
(461, 'XIG101', 'SB FILLER FAT W 15KG', '2025-05-15 02:35:20', '2025-05-15 02:35:20'),
(462, 'XIG102', 'SMAZZ BAKER\'S FAT 15KG', '2025-05-15 02:35:20', '2025-05-15 02:35:20'),
(463, 'XIG102', 'SMAZZ BAKER\'S FAT 15KG', '2025-05-15 02:35:20', '2025-05-15 02:35:20'),
(464, 'XIG103', 'SMAZZ SHORTENING 15 KG', '2025-05-15 02:35:20', '2025-05-15 02:35:20'),
(465, 'XIG103', 'SMAZZ SHORTENING 15 KG', '2025-05-15 02:35:20', '2025-05-15 02:35:20'),
(466, 'XIG104', 'SB FILLER FAT S 15KG', '2025-05-15 02:35:20', '2025-05-15 02:35:20'),
(467, 'XIG108', 'MAESTRO BF LOW GE 15KG', '2025-05-15 02:35:20', '2025-05-15 02:35:20'),
(468, 'XIG112', 'ESSENTE SHOR /MB 15KG', '2025-05-15 02:35:20', '2025-05-15 02:35:20'),
(469, 'XIG113', 'ESSENTE SHOR /MB 15KG', '2025-05-15 02:35:20', '2025-05-15 02:35:20'),
(470, 'XIG114', 'MAESTRO BAKR FAT SL 15KG', '2025-05-15 02:35:20', '2025-05-15 02:35:20'),
(471, 'XIG115', 'MAESTRO WHIT FAT SL 15KG', '2025-05-15 02:35:20', '2025-05-15 02:35:20'),
(472, 'XIG303', 'SB COFAT 32 PHP 15KG', '2025-05-15 02:35:20', '2025-05-15 02:35:20'),
(473, 'XIG401', 'SMAZZ MGR 15KG', '2025-05-15 02:35:20', '2025-05-15 02:35:20'),
(474, 'XIG401', 'SMAZZ MGR 15KG', '2025-05-15 02:35:20', '2025-05-15 02:35:20'),
(475, 'XIG404', 'SMAZZ MGR 15KG', '2025-05-15 02:35:20', '2025-05-15 02:35:20'),
(476, 'XIG408', 'SMAZZ BAKER\'S MGR W 15KG', '2025-05-15 02:35:20', '2025-05-15 02:35:20'),
(477, 'XJB626', 'TRADEWINDS F S 15KG /MB', '2025-05-15 02:35:20', '2025-05-15 02:35:20'),
(478, 'XJC405', 'MC BAKERY MGR 15 KG', '2025-05-15 02:35:20', '2025-05-15 02:35:20'),
(479, 'XJC426', 'GB PRIME CAKE  MGR 15KG', '2025-05-15 02:35:20', '2025-05-15 02:35:20'),
(480, 'XJC427', 'GB  PRIMECAKE 15KG', '2025-05-15 02:35:20', '2025-05-15 02:35:20'),
(481, 'XJC428', 'GB AWARD MGR W 15KG', '2025-05-15 02:35:20', '2025-05-15 02:35:20'),
(482, 'XJC429', 'GB AWARD MGR S 15KG', '2025-05-15 02:35:20', '2025-05-15 02:35:20'),
(483, 'XJC430', 'TW AWARD NCNF/MB 15KG', '2025-05-15 02:35:20', '2025-05-15 02:35:20'),
(484, 'XJC430', 'TW AWARD NCNF/MB 15KG', '2025-05-15 02:35:20', '2025-05-15 02:35:20'),
(485, 'XJC430', 'TW AWARD NCNF/MB 15KG', '2025-05-15 02:35:20', '2025-05-15 02:35:20'),
(486, 'XJC431', 'TRADEWINDS AWARD/MB 15KG', '2025-05-15 02:35:20', '2025-05-15 02:35:20'),
(487, 'XJC431', 'TRADEWINDS AWARD/MB 15KG', '2025-05-15 02:35:20', '2025-05-15 02:35:20'),
(488, 'XJC432', 'TW AWARD NATC /MB 15KG', '2025-05-15 02:35:20', '2025-05-15 02:35:20'),
(489, 'XJC432', 'TW AWARD NATC /MB 15KG', '2025-05-15 02:35:20', '2025-05-15 02:35:20'),
(490, 'XJC434', 'TRADEWINDS AWARD/MB 15KG', '2025-05-15 02:35:20', '2025-05-15 02:35:20'),
(491, 'XJC434', 'TRADEWINDS AWARD/MB 15KG', '2025-05-15 02:35:20', '2025-05-15 02:35:20'),
(492, 'XJC434', 'TRADEWINDS AWARD/MB 15KG', '2025-05-15 02:35:20', '2025-05-15 02:35:20'),
(493, 'XJC436', 'MOREMADE INCOR MGR 15 KG', '2025-05-15 02:35:20', '2025-05-15 02:35:20'),
(494, 'XJC437', 'MOREMADE INCOR MGR 15 KG', '2025-05-15 02:35:20', '2025-05-15 02:35:20'),
(495, 'XJC532', 'TRADEWINDS COCO MGR 15KG', '2025-05-15 02:35:20', '2025-05-15 02:35:20'),
(496, 'XJC556', 'PILOT MARVILLE MGR 15KG', '2025-05-15 02:35:20', '2025-05-15 02:35:20'),
(497, 'XJC556-D1', 'PILOT MARVILLE MGR 15KG', '2025-05-15 02:35:20', '2025-05-15 02:35:20'),
(498, 'XJC556-D2', 'PILOT MARVILLE MGR 15KG', '2025-05-15 02:35:20', '2025-05-15 02:35:20'),
(499, 'XJC556-D3', 'PILOT MARVILLE MGR 15KG', '2025-05-15 02:35:20', '2025-05-15 02:35:20'),
(500, 'XJC556-D3', 'PILOT MARVILLE MGR 15KG', '2025-05-15 02:35:20', '2025-05-15 02:35:20'),
(501, 'XJC562', 'MOREMADE MARVILLE M 15KG', '2025-05-15 02:35:20', '2025-05-15 02:35:20'),
(502, 'XJD551', 'NUGGETS PTRY MGR/MB 15KG', '2025-05-15 02:35:20', '2025-05-15 02:35:20'),
(503, 'XJD552', 'NUGGETS PTRY MGR/MB 15KG', '2025-05-15 02:35:20', '2025-05-15 02:35:20'),
(504, 'XJD552-B1', 'NUGGETS PTRY MGR/MB 15KG', '2025-05-15 02:35:20', '2025-05-15 02:35:20'),
(505, 'XIC270', 'GB BREAD-O BF W 16KG', '2025-05-15 02:35:20', '2025-05-15 02:35:20'),
(506, 'XIC270', 'GB BREAD-O BF W 16KG', '2025-05-15 02:35:20', '2025-05-15 02:35:20'),
(507, 'XIC271', 'GB BREAD-O BF S 16KG', '2025-05-15 02:35:20', '2025-05-15 02:35:20'),
(508, 'XIG602', 'BI YAO SHORTENING 16 KG', '2025-05-15 02:35:20', '2025-05-15 02:35:20'),
(509, 'IOB326', 'SB XPLORE SHOR 18KG', '2025-05-15 02:35:20', '2025-05-15 02:35:20'),
(510, '20C512', 'MOREMADE MARVILLE M 20KG', '2025-05-15 02:35:20', '2025-05-15 02:35:20'),
(511, '20C513', 'MOREMADE MARVILLE M 20KG', '2025-05-15 02:35:20', '2025-05-15 02:35:20'),
(512, 'XIC477', 'MAURI SPREAD MGR 20 KG', '2025-05-15 02:35:20', '2025-05-15 02:35:20'),
(513, 'XIC512', 'GB GRAND BTR & MGR 20 KG', '2025-05-15 02:35:20', '2025-05-15 02:35:20'),
(514, 'XIG111', 'BB SH (CREAMING FT) 20KG', '2025-05-15 02:35:20', '2025-05-15 02:35:20'),
(515, 'XIG111', 'BB SH (CREAMING FT) 20KG', '2025-05-15 02:35:20', '2025-05-15 02:35:20'),
(516, 'XJC433', 'TRADEWINDS WH M /SG 20KG', '2025-05-15 02:35:20', '2025-05-15 02:35:20'),
(517, 'XJC509', 'MARVILLE BR 20 KG NZ /MB', '2025-05-15 02:35:20', '2025-05-15 02:35:20'),
(518, 'XJC560', 'GB MARVILLE BR 20 Kg', '2025-05-15 02:35:20', '2025-05-15 02:35:20'),
(519, 'XIB110', 'BB FRYMASTA DEEP FF 25KG', '2025-05-15 02:35:20', '2025-05-15 02:35:20'),
(520, 'XIB112', 'BB  SHOR. 25KG', '2025-05-15 02:35:20', '2025-05-15 02:35:20'),
(521, 'XIB317', 'VM CONFAT 25 KG', '2025-05-15 02:35:20', '2025-05-15 02:35:20'),
(522, 'XJB641', 'BB.DONUT FF 25KG PH', '2025-05-15 02:35:20', '2025-05-15 02:35:20'),
(523, 'XJC544', 'TRADEWINDS BR 25KG /MB', '2025-05-15 02:35:20', '2025-05-15 02:35:20'),
(524, 'XJC544', 'TRADEWINDS BR 25KG /MB', '2025-05-15 02:35:20', '2025-05-15 02:35:20'),
(525, 'XJC546', 'GB. MARVILLE BR 25 KG KW', '2025-05-15 02:35:20', '2025-05-15 02:35:20'),
(526, 'XJC552', 'GB MARVILLE BR 25KG QAT', '2025-05-15 02:35:20', '2025-05-15 02:35:20'),
(527, 'XJC553', 'GB. MARVILLE MGRN', '2025-05-15 02:35:20', '2025-05-15 02:35:20'),
(528, 'XJC554', 'GB MARVILLE BR 25KG', '2025-05-15 02:35:20', '2025-05-15 02:35:20'),
(529, 'XJC555', 'GB MARVILLE BR 25KG BH', '2025-05-15 02:35:20', '2025-05-15 02:35:20'),
(530, 'XJK751', 'RBD PALM OLEIN 180KG', '2025-05-15 02:35:20', '2025-05-15 02:35:20'),
(531, 'XJK770', 'RHCNO 180KG', '2025-05-15 02:35:20', '2025-05-15 02:35:20'),
(532, 'IGB227', 'GB MERRYWHIP CF 900KG', '2025-05-15 02:35:20', '2025-05-15 02:35:20'),
(533, 'IGB227', 'GB MERRYWHIP CF 900KG', '2025-05-15 02:35:20', '2025-05-15 02:35:20'),
(534, 'IGB227', 'GB MERRYWHIP CF 900KG', '2025-05-15 02:35:20', '2025-05-15 02:35:20'),
(535, 'IGB227', 'GB MERRYWHIP CF 900KG', '2025-05-15 02:35:20', '2025-05-15 02:35:20'),
(536, 'IGB227', 'GB MERRYWHIP CF 900KG', '2025-05-15 02:35:20', '2025-05-15 02:35:20'),
(537, 'IGB227', 'GB MERRYWHIP CF 900KG', '2025-05-15 02:35:20', '2025-05-15 02:35:20'),
(538, 'IGB227', 'GB MERRYWHIP CF 900KG', '2025-05-15 02:35:20', '2025-05-15 02:35:20'),
(539, 'IGB227', 'GB MERRYWHIP CF 900KG', '2025-05-15 02:35:20', '2025-05-15 02:35:20'),
(540, 'XIC270', 'GB BREAD-O BF W 16 KG', '2025-05-15 02:35:20', '2025-05-15 02:35:20'),
(541, 'XIC270', 'GB BREAD-O BF W 16 KG', '2025-05-15 02:35:20', '2025-05-15 02:35:20'),
(542, 'XIC271', 'GB BREAD-O BF S 16 KG', '2025-05-15 02:35:20', '2025-05-15 02:35:20'),
(543, 'XIC271', 'GB BREAD-O BF S 16 KG', '2025-05-15 02:35:20', '2025-05-15 02:35:20'),
(544, 'XIC271-C1', 'GB BREAD-O BF S 16 KG', '2025-05-15 02:35:20', '2025-05-15 02:35:20'),
(545, 'XIC271-C2', 'GB BREAD-O BF S 16 KG', '2025-05-15 02:35:20', '2025-05-15 02:35:20');

-- --------------------------------------------------------

--
-- Table structure for table `levels`
--

CREATE TABLE `levels` (
  `id` bigint(20) UNSIGNED NOT NULL,
  `name` varchar(100) NOT NULL,
  `slug` varchar(100) NOT NULL,
  `created_at` timestamp NULL DEFAULT NULL,
  `updated_at` timestamp NULL DEFAULT NULL
) ENGINE=InnoDB DEFAULT CHARSET=utf8mb4 COLLATE=utf8mb4_unicode_ci;

--
-- Dumping data for table `levels`
--

INSERT INTO `levels` (`id`, `name`, `slug`, `created_at`, `updated_at`) VALUES
(1, 'I', 'i', '2024-10-09 00:39:36', '2024-10-09 00:39:36'),
(2, 'II', 'ii', '2024-10-09 00:39:36', '2024-10-09 00:39:36'),
(3, 'III', 'iii', '2024-10-09 00:39:36', '2024-10-09 00:39:36'),
(4, 'IV', 'iv', '2024-10-09 00:39:36', '2024-10-09 00:39:36'),
(5, 'V', 'v', '2024-10-09 00:39:36', '2024-10-09 00:39:36'),
(6, 'VI', 'vi', '2024-10-09 00:39:36', '2024-10-09 00:39:36'),
(7, 'VII', 'vii', '2024-10-09 00:39:36', '2024-10-09 00:39:36'),
(8, 'Developer', 'developer', '2024-10-09 00:39:36', '2024-10-09 00:39:36'),
(17, 'VIII', 'viii', '2024-10-31 23:59:47', '2024-10-31 23:59:47');

-- --------------------------------------------------------

--
-- Table structure for table `migrations`
--

CREATE TABLE `migrations` (
  `id` int(10) UNSIGNED NOT NULL,
  `migration` varchar(255) NOT NULL,
  `batch` int(11) NOT NULL
) ENGINE=InnoDB DEFAULT CHARSET=utf8mb4 COLLATE=utf8mb4_unicode_ci;

--
-- Dumping data for table `migrations`
--

INSERT INTO `migrations` (`id`, `migration`, `batch`) VALUES
(1, '2014_10_12_000000_create_users_table', 1),
(2, '2014_10_12_100000_create_password_reset_tokens_table', 1),
(3, '2019_08_19_000000_create_failed_jobs_table', 1),
(4, '2019_12_14_000001_create_personal_access_tokens_table', 1),
(5, '2024_10_09_042713_create_permission_tables', 1),
(6, '2024_10_09_043245_create_levels_table', 2),
(7, '2024_10_09_043246_create_departments_table', 2),
(8, '2024_10_09_043247_create_positions_table', 2),
(9, '2024_10_09_043251_create_categories_table', 2),
(10, '2024_10_09_071058_add_manager_and_department_to_users_table', 3),
(11, '2024_10_09_045133_create_ideas_table', 4),
(12, '2024_10_09_064916_create_idea_approvals_table', 4),
(13, '2024_10_09_064933_create_idea_files_table', 4),
(14, '2024_10_09_064944_create_idea_likes_table', 4),
(15, '2024_10_09_075621_add_avatar_to_table_users', 5),
(16, '2024_10_28_061205_add_dynamic_fields_to_ideas_table', 6),
(17, '2024_11_01_030241_create_section_table', 7),
(20, '2024_11_01_030947_add_section_id_to_table_users', 8),
(21, '2024_11_04_064031_add_approval_path_to_ideas_table', 9),
(23, '2025_03_20_055853_create_customers_table', 11),
(24, '2025_03_21_024038_create_approvers_table', 12),
(25, '2025_03_24_075500_create_item_masters_table', 13),
(26, '2025_03_24_075848_create_item_details_table', 14),
(27, '2025_03_24_080655_create_initiator_approvals_table', 15),
(28, '2024_11_05_095747_create_notifications_table', 16),
(29, '2025_03_20_061512_create_revisions_table', 17),
(30, '2025_04_22_043327_create_table_rs_approvals', 18),
(31, '2025_04_23_093736_create_table_rs_approver', 19);

-- --------------------------------------------------------

--
-- Table structure for table `model_has_permissions`
--

CREATE TABLE `model_has_permissions` (
  `permission_id` bigint(20) UNSIGNED NOT NULL,
  `model_type` varchar(255) NOT NULL,
  `model_id` bigint(20) UNSIGNED NOT NULL
) ENGINE=InnoDB DEFAULT CHARSET=utf8mb4 COLLATE=utf8mb4_unicode_ci;

-- --------------------------------------------------------

--
-- Table structure for table `model_has_roles`
--

CREATE TABLE `model_has_roles` (
  `role_id` bigint(20) UNSIGNED NOT NULL,
  `model_type` varchar(255) NOT NULL,
  `model_id` bigint(20) UNSIGNED NOT NULL
) ENGINE=InnoDB DEFAULT CHARSET=utf8mb4 COLLATE=utf8mb4_unicode_ci;

--
-- Dumping data for table `model_has_roles`
--

INSERT INTO `model_has_roles` (`role_id`, `model_type`, `model_id`) VALUES
(13, 'App\\Models\\User', 1),
(15, 'App\\Models\\User', 2),
(16, 'App\\Models\\User', 1298),
(18, 'App\\Models\\User', 980),
(18, 'App\\Models\\User', 982),
(18, 'App\\Models\\User', 983),
(18, 'App\\Models\\User', 984),
(18, 'App\\Models\\User', 985),
(18, 'App\\Models\\User', 986),
(18, 'App\\Models\\User', 1206),
(18, 'App\\Models\\User', 1232),
(18, 'App\\Models\\User', 1289),
(18, 'App\\Models\\User', 1290),
(18, 'App\\Models\\User', 1291),
(18, 'App\\Models\\User', 1292),
(18, 'App\\Models\\User', 1293),
(20, 'App\\Models\\User', 4),
(20, 'App\\Models\\User', 10);

-- --------------------------------------------------------

--
-- Table structure for table `notifications`
--

CREATE TABLE `notifications` (
  `id` char(36) NOT NULL,
  `notifiable_type` varchar(255) NOT NULL,
  `notifiable_id` int(11) NOT NULL,
  `type` varchar(255) NOT NULL,
  `data` text NOT NULL,
  `read_at` timestamp NULL DEFAULT NULL,
  `created_at` timestamp NULL DEFAULT NULL,
  `updated_at` timestamp NULL DEFAULT NULL
) ENGINE=InnoDB DEFAULT CHARSET=utf8mb4 COLLATE=utf8mb4_unicode_ci;

-- --------------------------------------------------------

--
-- Table structure for table `password_reset_tokens`
--

CREATE TABLE `password_reset_tokens` (
  `email` varchar(255) NOT NULL,
  `token` varchar(255) NOT NULL,
  `created_at` timestamp NULL DEFAULT NULL
) ENGINE=InnoDB DEFAULT CHARSET=utf8mb4 COLLATE=utf8mb4_unicode_ci;

-- --------------------------------------------------------

--
-- Table structure for table `permissions`
--

CREATE TABLE `permissions` (
  `id` bigint(20) UNSIGNED NOT NULL,
  `name` varchar(255) NOT NULL,
  `guard_name` varchar(255) NOT NULL,
  `created_at` timestamp NULL DEFAULT NULL,
  `updated_at` timestamp NULL DEFAULT NULL
) ENGINE=InnoDB DEFAULT CHARSET=utf8mb4 COLLATE=utf8mb4_unicode_ci;

--
-- Dumping data for table `permissions`
--

INSERT INTO `permissions` (`id`, `name`, `guard_name`, `created_at`, `updated_at`) VALUES
(1, 'view permission', 'web', '2025-02-25 11:12:15', '2025-02-25 11:12:15'),
(2, 'create permission', 'web', '2025-02-25 11:12:23', '2025-02-25 11:12:23'),
(3, 'update permission', 'web', '2025-02-25 11:13:56', '2025-02-25 11:13:56'),
(4, 'delete permission', 'web', '2025-02-25 11:14:01', '2025-02-25 11:14:01'),
(5, 'view role', 'web', '2025-02-25 11:14:12', '2025-02-25 11:14:12'),
(6, 'create role', 'web', '2025-02-25 11:14:17', '2025-02-25 11:14:17'),
(7, 'update role', 'web', '2025-02-25 11:14:22', '2025-02-25 11:14:22'),
(8, 'delete role', 'web', '2025-02-25 11:14:27', '2025-02-25 11:14:27'),
(9, 'view user', 'web', '2025-02-25 11:15:58', '2025-02-25 11:15:58'),
(10, 'create user', 'web', '2025-02-25 11:16:07', '2025-02-25 11:16:07'),
(11, 'update user', 'web', '2025-02-25 11:16:17', '2025-02-25 11:16:17'),
(12, 'delete user', 'web', '2025-02-25 11:16:32', '2025-02-25 11:16:32');

-- --------------------------------------------------------

--
-- Table structure for table `personal_access_tokens`
--

CREATE TABLE `personal_access_tokens` (
  `id` bigint(20) UNSIGNED NOT NULL,
  `tokenable_type` varchar(255) NOT NULL,
  `tokenable_id` bigint(20) UNSIGNED NOT NULL,
  `name` varchar(255) NOT NULL,
  `token` varchar(64) NOT NULL,
  `abilities` text DEFAULT NULL,
  `last_used_at` timestamp NULL DEFAULT NULL,
  `expires_at` timestamp NULL DEFAULT NULL,
  `created_at` timestamp NULL DEFAULT NULL,
  `updated_at` timestamp NULL DEFAULT NULL
) ENGINE=InnoDB DEFAULT CHARSET=utf8mb4 COLLATE=utf8mb4_unicode_ci;

-- --------------------------------------------------------

--
-- Table structure for table `positions`
--

CREATE TABLE `positions` (
  `id` bigint(20) UNSIGNED NOT NULL,
  `name` varchar(100) NOT NULL,
  `slug` varchar(100) NOT NULL,
  `department_id` bigint(20) UNSIGNED NOT NULL,
  `level_id` bigint(20) UNSIGNED NOT NULL,
  `created_at` timestamp NULL DEFAULT NULL,
  `updated_at` timestamp NULL DEFAULT NULL
) ENGINE=InnoDB DEFAULT CHARSET=utf8mb4 COLLATE=utf8mb4_unicode_ci;

--
-- Dumping data for table `positions`
--

INSERT INTO `positions` (`id`, `name`, `slug`, `department_id`, `level_id`, `created_at`, `updated_at`) VALUES
(1, 'Developer', 'developer', 2, 8, '2024-10-09 00:39:36', '2024-10-09 00:39:36'),
(2, 'General Manager', 'general-manager', 1, 17, '2024-10-09 00:39:36', '2024-10-31 23:59:59'),
(3, 'Department Head Finance', 'department-head-finance', 2, 7, '2024-10-09 00:39:36', '2024-10-31 23:57:05'),
(4, 'Assistant Manager MIS', 'assistant-manager-mis', 2, 5, '2024-10-09 00:39:36', '2024-10-09 00:39:36'),
(5, 'Manager Accounting & Tax', 'manager-accounting-tax', 2, 5, '2024-10-09 00:39:36', '2024-10-09 00:39:36'),
(6, 'Manager Bussiness Opr. Control', 'manager-bussiness-opr-control', 2, 5, '2024-10-09 00:39:36', '2024-10-09 00:39:36'),
(7, 'IT Support', 'it-support', 2, 3, '2024-10-09 00:39:36', '2024-10-09 00:39:36'),
(8, 'Web Developer', 'web-developer', 2, 3, '2024-10-09 00:39:36', '2024-10-31 23:57:20'),
(10, 'Department Head Supply Chain', 'department-head-supply-chain', 8, 6, '2024-10-09 00:39:36', '2024-10-09 00:39:36'),
(11, 'Manager - Logistic', 'manager-logistic', 8, 6, '2024-10-09 00:39:36', '2024-10-09 00:39:36'),
(12, 'Manager - PPIC', 'manager-ppic', 8, 6, '2024-10-09 00:39:36', '2024-10-09 00:39:36'),
(13, 'Manager - Purchasing', 'manager-purchasing', 2, 6, '2024-10-09 00:39:36', '2024-11-01 01:07:03'),
(14, 'Supervisor - Export', 'supervisor-export', 8, 5, '2024-10-09 00:39:36', '2024-10-09 00:39:36'),
(16, 'Manager - Creative Bussines Tranformation', 'manager-creative-bussines-tranformation', 2, 6, '2024-10-31 23:50:45', '2024-10-31 23:50:45'),
(17, 'Senior Advisor', 'senior-advisor', 4, 7, '2024-10-31 23:55:12', '2024-10-31 23:55:12'),
(18, 'Assistant Manager-Batch Refinery', 'assistant-manager-batch-refinery', 4, 5, '2024-10-31 23:55:35', '2024-10-31 23:55:35'),
(19, 'Manager - Marsho Plant', 'manager-marsho-plant', 4, 6, '2024-10-31 23:55:51', '2024-10-31 23:55:51'),
(20, 'Manager - Business Opr. Control', 'manager-business-opr-control', 2, 6, '2024-11-01 00:01:10', '2024-11-01 00:01:10'),
(21, 'Supervisor - Business Opr. Controll', 'supervisor-business-opr-controll', 2, 4, '2024-11-01 00:01:24', '2024-11-01 00:01:24'),
(22, 'Manager - International Business', 'manager-international-business', 7, 6, '2024-11-01 00:02:54', '2024-11-01 00:02:54'),
(23, 'International Sales Executive', 'international-sales-executive', 7, 5, '2024-11-01 00:03:13', '2024-11-01 00:03:13'),
(24, 'Manager - Industrial & Key Account', 'manager-industrial-key-account', 7, 6, '2024-11-01 00:03:47', '2024-11-01 00:03:47'),
(25, 'Asst. Mgr - Key Account&Industrial', 'asst-mgr-key-accountindustrial', 7, 5, '2024-11-01 00:04:22', '2024-11-01 00:04:22'),
(26, 'Asst. Mgr - Industrial Commercial', 'asst-mgr-industrial-commercial', 7, 5, '2024-11-01 00:04:33', '2024-11-01 00:04:33'),
(27, 'Manager - Technical & Application', 'manager-technical-application', 7, 6, '2024-11-01 00:05:02', '2024-11-01 00:05:02'),
(28, 'Manager - Accounting & Tax', 'manager-accounting-tax', 3, 6, '2024-11-01 00:20:55', '2024-11-01 00:20:55'),
(29, 'Regional Sales Manager - Head of East Zone', 'regional-sales-manager-head-of-east-zone', 7, 6, '2024-11-01 00:22:43', '2024-11-01 00:22:43'),
(30, 'Dept. Head - Sales & Marketing', 'dept-head-sales-marketing', 7, 7, '2024-11-01 00:26:57', '2024-11-01 00:26:57'),
(31, 'Data Analis & Sales Support Specialist Supervisor', 'data-analis-sales-support-specialist-supervisor', 7, 4, '2024-11-01 00:27:16', '2024-11-01 00:27:16'),
(32, 'Staff', 'staff', 2, 3, '2024-11-01 00:32:05', '2024-11-01 00:32:05'),
(33, 'Manager - Engineering & Maintenance', 'manager-engineering-maintenance', 1, 6, '2024-11-01 00:51:55', '2024-11-01 00:51:55'),
(34, 'Manager HCD', 'manager-hcd', 3, 6, '2024-11-01 00:52:47', '2024-11-01 00:52:47'),
(35, 'Asst.Manager HSE', 'asstmanager-hse', 5, 5, '2024-11-01 00:53:28', '2024-11-01 00:53:28'),
(36, 'Dept. Head - Quality Mgmt & HSE', 'dept-head-quality-mgmt-hse', 5, 7, '2024-11-01 00:54:09', '2024-11-01 00:54:09'),
(37, 'Marketing Manager', 'marketing-manager', 7, 6, '2024-11-01 00:56:14', '2024-11-01 00:56:14'),
(38, 'RTM & Channel Development Ass. Manager', 'rtm-channel-development-ass-manager', 7, 5, '2024-11-01 00:56:37', '2024-11-01 00:56:37'),
(39, 'Brand Ambasador Gold Bullion', 'brand-ambasador-gold-bullion', 7, 6, '2024-11-01 00:58:53', '2024-11-01 00:58:53'),
(40, 'Assistant Marketing Manager', 'assistant-marketing-manager', 7, 5, '2024-11-01 00:59:07', '2024-11-01 00:59:07'),
(41, 'QA Supervisor', 'qa-supervisor', 5, 4, '2024-11-01 01:00:39', '2024-11-01 01:00:39'),
(42, 'QA Manager', 'qa-manager', 5, 6, '2024-11-01 01:01:17', '2024-11-01 01:01:17'),
(43, 'R & D Assistant Manager', 'r-d-assistant-manager', 6, 5, '2024-11-01 01:02:04', '2024-11-01 01:02:04'),
(44, 'Supervisor - R & D B', 'supervisor-r-d-b', 6, 4, '2024-11-01 01:02:17', '2024-11-01 01:02:17'),
(45, 'R&D Packaging & Regulatory', 'rd-packaging-regulatory', 6, 3, '2024-11-01 01:02:31', '2024-11-01 01:02:31'),
(46, 'R&D Application & Sensory', 'rd-application-sensory', 6, 3, '2024-11-01 01:02:41', '2024-11-01 01:02:41'),
(47, 'Manager - R & D', 'manager-r-d', 6, 6, '2024-11-01 01:02:58', '2024-11-01 01:02:58'),
(48, 'Supervisor-Tax', 'supervisor-tax', 2, 4, '2024-11-01 01:05:19', '2024-11-01 01:05:19'),
(49, 'Asst. Mgr - Tax', 'asst-mgr-tax', 2, 5, '2024-11-01 01:05:41', '2024-11-01 01:05:41'),
(50, 'Asst. Mgr - Finance & Adm.', 'asst-mgr-finance-adm', 2, 5, '2024-11-01 01:06:03', '2024-11-01 01:06:03'),
(51, 'Supervisor - Account Payable', 'supervisor-account-payable', 2, 4, '2024-11-01 01:06:19', '2024-11-01 01:06:19'),
(52, 'Jr. Secretary', 'jr-secretary', 2, 3, '2024-11-01 01:06:46', '2024-11-01 01:06:46'),
(53, 'Receptionist', 'receptionist', 2, 3, '2024-11-01 01:07:37', '2024-11-01 01:07:37'),
(54, 'Supervisor - Comp. & Benefit', 'supervisor-comp-benefit', 3, 4, '2024-11-01 01:08:03', '2024-11-01 01:08:03'),
(55, 'People & Organization Development Supervisor', 'people-organization-development-supervisor', 3, 4, '2024-11-01 01:08:42', '2024-11-01 01:08:42'),
(56, 'Talent Acquisition Supervisor', 'talent-acquisition-supervisor', 3, 4, '2024-11-01 01:08:53', '2024-11-01 01:08:53'),
(57, 'Chief Security', 'chief-security', 3, 4, '2024-11-01 01:09:39', '2024-11-01 01:09:39'),
(58, 'Manager - Logistic', 'manager-logistic', 8, 6, '2024-11-01 01:13:44', '2024-11-01 01:13:44'),
(59, 'Asst. Mgr - QC', 'asst-mgr-qc', 5, 5, '2024-11-01 01:14:21', '2024-11-01 01:14:21'),
(60, 'Key Account Supervisor', 'key-account-supervisor', 7, 4, '2024-11-01 01:15:35', '2024-11-01 01:15:35'),
(61, 'Regional Sales Manager - Head of West Zone', 'regional-sales-manager-head-of-west-zone', 7, 6, '2024-11-01 01:19:23', '2024-11-01 01:19:23'),
(62, 'Dept. Head - HCD', 'dept-head-hcd', 3, 7, '2024-12-03 19:55:35', '2024-12-03 19:55:53');

-- --------------------------------------------------------

--
-- Table structure for table `revisions`
--

CREATE TABLE `revisions` (
  `id` bigint(20) UNSIGNED NOT NULL,
  `form_no` int(11) NOT NULL,
  `revision` varchar(255) NOT NULL,
  `date` date NOT NULL,
  `created_at` timestamp NULL DEFAULT NULL,
  `updated_at` timestamp NULL DEFAULT NULL
) ENGINE=InnoDB DEFAULT CHARSET=utf8mb4 COLLATE=utf8mb4_unicode_ci;

--
-- Dumping data for table `revisions`
--

INSERT INTO `revisions` (`id`, `form_no`, `revision`, `date`, `created_at`, `updated_at`) VALUES
(1, 1, 'test up lagi deh', '2025-04-17', '2025-04-17 01:24:09', '2025-04-17 01:28:00');

-- --------------------------------------------------------

--
-- Table structure for table `roles`
--

CREATE TABLE `roles` (
  `id` bigint(20) UNSIGNED NOT NULL,
  `name` varchar(255) NOT NULL,
  `guard_name` varchar(255) NOT NULL,
  `created_at` timestamp NULL DEFAULT NULL,
  `updated_at` timestamp NULL DEFAULT NULL
) ENGINE=InnoDB DEFAULT CHARSET=utf8mb4 COLLATE=utf8mb4_unicode_ci;

--
-- Dumping data for table `roles`
--

INSERT INTO `roles` (`id`, `name`, `guard_name`, `created_at`, `updated_at`) VALUES
(13, 'super-admin', 'web', '2024-10-09 00:39:35', '2024-10-09 00:39:35'),
(14, 'admin', 'web', '2024-10-09 00:39:35', '2024-10-09 00:39:35'),
(15, 'staff', 'web', '2024-10-09 00:39:35', '2024-10-09 00:39:35'),
(16, 'user', 'web', '2024-10-09 00:39:35', '2024-10-09 00:39:35'),
(18, 'approver', 'web', '2024-11-03 21:49:46', '2024-11-03 21:49:46'),
(19, 'user_idea', 'web', '2024-11-03 22:00:48', '2024-11-03 22:00:57'),
(20, 'role-arief', 'web', '2025-04-23 02:10:43', '2025-04-23 02:10:43');

-- --------------------------------------------------------

--
-- Table structure for table `role_has_permissions`
--

CREATE TABLE `role_has_permissions` (
  `permission_id` bigint(20) UNSIGNED NOT NULL,
  `role_id` bigint(20) UNSIGNED NOT NULL
) ENGINE=InnoDB DEFAULT CHARSET=utf8mb4 COLLATE=utf8mb4_unicode_ci;

--
-- Dumping data for table `role_has_permissions`
--

INSERT INTO `role_has_permissions` (`permission_id`, `role_id`) VALUES
(1, 13),
(2, 13),
(3, 13),
(4, 13),
(5, 13),
(6, 13),
(7, 13),
(8, 13),
(9, 13),
(10, 13),
(11, 13),
(12, 13);

-- --------------------------------------------------------

--
-- Table structure for table `rs_approvals`
--

CREATE TABLE `rs_approvals` (
  `id` bigint(20) UNSIGNED NOT NULL,
  `nik` varchar(255) NOT NULL,
  `level` int(11) NOT NULL,
  `status` varchar(255) NOT NULL,
  `token` text DEFAULT NULL,
  `created_at` timestamp NULL DEFAULT NULL,
  `updated_at` timestamp NULL DEFAULT NULL
) ENGINE=InnoDB DEFAULT CHARSET=utf8mb4 COLLATE=utf8mb4_unicode_ci;

--
-- Dumping data for table `rs_approvals`
--

INSERT INTO `rs_approvals` (`id`, `nik`, `level`, `status`, `token`, `created_at`, `updated_at`) VALUES
(1, 'T0932', 1, '', '0', NULL, NULL);

-- --------------------------------------------------------

--
-- Table structure for table `rs_approver`
--

CREATE TABLE `rs_approver` (
  `id` bigint(20) UNSIGNED NOT NULL,
  `nik` varchar(255) NOT NULL,
  `role` varchar(255) DEFAULT NULL,
  `level` int(11) NOT NULL,
  `created_at` timestamp NULL DEFAULT NULL,
  `updated_at` timestamp NULL DEFAULT NULL
) ENGINE=InnoDB DEFAULT CHARSET=utf8mb4 COLLATE=utf8mb4_unicode_ci;

--
-- Dumping data for table `rs_approver`
--

INSERT INTO `rs_approver` (`id`, `nik`, `role`, `level`, `created_at`, `updated_at`) VALUES
(9, 'Ag4444', 'user', 2, '2025-04-27 23:32:15', '2025-04-27 23:32:15'),
(10, 'AG2222', NULL, 3, '2025-04-27 23:36:06', '2025-04-27 23:36:06'),
(11, 'AG2222', 'admin', 3, '2025-04-27 23:50:24', '2025-04-27 23:50:24'),
(12, 'AG1111', 'approver', 1, '2025-04-27 23:51:54', '2025-04-27 23:51:54'),
(13, 'Ag4444', 'user', 1, '2025-04-28 02:16:07', '2025-04-28 02:16:07'),
(14, 'AC1166', NULL, 1, '2025-04-28 20:59:49', '2025-04-28 20:59:49'),
(15, 'A0121', 'role-arief', 1, '2025-04-28 21:00:26', '2025-04-28 21:00:26');

-- --------------------------------------------------------

--
-- Table structure for table `rs_items`
--

CREATE TABLE `rs_items` (
  `id` bigint(20) UNSIGNED NOT NULL,
  `rs_id` bigint(20) UNSIGNED NOT NULL,
  `item_id` longtext CHARACTER SET utf8mb4 COLLATE utf8mb4_bin NOT NULL CHECK (json_valid(`item_id`)),
  `qty_issued` longtext CHARACTER SET utf8mb4 COLLATE utf8mb4_bin NOT NULL CHECK (json_valid(`qty_issued`)),
  `qty_req` longtext CHARACTER SET utf8mb4 COLLATE utf8mb4_bin NOT NULL CHECK (json_valid(`qty_req`)),
  `batch_code` varchar(255) DEFAULT NULL,
  `created_at` timestamp NULL DEFAULT NULL,
  `updated_at` timestamp NULL DEFAULT NULL
) ENGINE=InnoDB DEFAULT CHARSET=utf8mb4 COLLATE=utf8mb4_unicode_ci;

--
-- Dumping data for table `rs_items`
--

INSERT INTO `rs_items` (`id`, `rs_id`, `item_id`, `qty_issued`, `qty_req`, `batch_code`, `created_at`, `updated_at`) VALUES
(1, 37, '17', '2', '2', NULL, '2025-05-27 21:24:19', '2025-05-27 21:24:19'),
(2, 38, '17', '2', '2', NULL, '2025-05-27 21:26:08', '2025-05-27 21:26:08'),
(3, 39, '17', '2', '2', NULL, '2025-05-27 21:27:09', '2025-05-27 21:27:09'),
(4, 40, '17', '2', '2', NULL, '2025-05-27 21:32:29', '2025-05-27 21:32:29'),
(5, 41, '16', '2', '2', NULL, '2025-06-01 21:45:43', '2025-06-01 21:45:43'),
(6, 42, '16', '2', '2', NULL, '2025-06-01 21:46:12', '2025-06-01 21:46:12'),
(7, 43, '16', '2', '2', NULL, '2025-06-01 21:46:18', '2025-06-01 21:46:18'),
(8, 44, '20', '3', '3', NULL, '2025-06-02 00:05:13', '2025-06-02 00:05:13'),
(9, 45, '20', '3', '3', NULL, '2025-06-02 00:05:53', '2025-06-02 00:05:53'),
(10, 46, '33', '2', '2', NULL, '2025-06-02 00:13:13', '2025-06-02 00:13:13'),
(11, 47, '21', '2', '2', NULL, '2025-06-02 00:15:51', '2025-06-02 00:15:51'),
(12, 48, '21', '2', '2', NULL, '2025-06-02 00:15:56', '2025-06-02 00:15:56'),
(13, 49, '14', '2', '2', NULL, '2025-06-03 03:00:08', '2025-06-03 03:00:08'),
(14, 50, '14', '2', '2', NULL, '2025-06-03 03:01:07', '2025-06-03 03:01:07'),
(15, 51, '14', '2', '2', NULL, '2025-06-03 03:01:08', '2025-06-03 03:01:08'),
(16, 52, '14', '2', '2', NULL, '2025-06-03 03:02:28', '2025-06-03 03:02:28'),
(17, 53, '14', '2', '2', NULL, '2025-06-03 03:03:46', '2025-06-03 03:03:46'),
(18, 54, '17', '1', '2', NULL, '2025-06-03 03:04:32', '2025-06-03 03:04:32');

-- --------------------------------------------------------

--
-- Table structure for table `rs_masters`
--

CREATE TABLE `rs_masters` (
  `id` bigint(20) UNSIGNED NOT NULL,
  `category` varchar(255) DEFAULT NULL,
  `customer_id` bigint(20) UNSIGNED NOT NULL,
  `rs_no` varchar(255) NOT NULL,
  `revision_id` bigint(20) UNSIGNED NOT NULL,
  `rs_number` varchar(255) DEFAULT NULL,
  `date` date NOT NULL,
  `reason` varchar(255) DEFAULT NULL,
  `objectives` varchar(255) DEFAULT NULL,
  `cost_center` varchar(255) DEFAULT NULL,
  `batch_code` varchar(255) DEFAULT NULL,
  `est_potential` varchar(255) DEFAULT NULL,
  `initiator_nik` varchar(255) NOT NULL,
  `route_to` varchar(255) DEFAULT NULL,
  `status` varchar(255) NOT NULL,
  `created_at` timestamp NULL DEFAULT NULL,
  `updated_at` timestamp NULL DEFAULT NULL
) ENGINE=InnoDB DEFAULT CHARSET=utf8mb4 COLLATE=utf8mb4_unicode_ci;

--
-- Dumping data for table `rs_masters`
--

INSERT INTO `rs_masters` (`id`, `category`, `customer_id`, `rs_no`, `revision_id`, `rs_number`, `date`, `reason`, `objectives`, `cost_center`, `batch_code`, `est_potential`, `initiator_nik`, `route_to`, `status`, `created_at`, `updated_at`) VALUES
(2, 'Sample Product', 1, '25RS0001', 1, '', '2025-04-30', NULL, 'mengirimkan lorem ipsum', '252', NULL, NULL, 'A0150', NULL, 'pending', '2025-04-29 19:01:25', '2025-04-29 19:01:25'),
(3, 'Sample Product', 1, '25RS0001', 1, '', '2025-04-30', NULL, 'mengirimkan lorem ipsum', '252', NULL, NULL, 'A0150', NULL, 'pending', '2025-04-29 19:02:25', '2025-04-29 19:02:25'),
(4, 'Sample Product', 1, '25RS0001', 1, '', '2025-04-30', NULL, 'mengirimkan lorem ipsum', '252', NULL, NULL, 'A0150', NULL, 'pending', '2025-04-29 19:05:40', '2025-04-29 19:05:40'),
(5, 'Sample Product', 1, '25RS0001', 1, '', '2025-04-30', NULL, 'mengirimkan lorem ipsum', '252', NULL, NULL, 'A0150', NULL, 'pending', '2025-04-29 19:05:58', '2025-04-29 19:05:58'),
(6, 'Sample Product', 2, '25RS0002', 1, NULL, '2025-05-08', NULL, 'mengirimkan lorem ipsum', 'p227', NULL, NULL, 'I0726', NULL, 'pending', '2025-05-07 21:47:37', '2025-05-07 21:47:37'),
(7, 'Packaging', 2, '25RS0003', 1, NULL, '2025-05-08', 'kkk', NULL, NULL, 'oooo', NULL, 'AG1315', NULL, 'pending', '2025-05-07 22:51:05', '2025-05-07 22:51:05'),
(8, 'Sample Product', 1, '25RS0004', 1, '22', '2025-05-08', NULL, 'mengirimkan lorem ipsum', 'p227', NULL, '11', 'AG1315', NULL, 'pending', '2025-05-08 03:02:39', '2025-05-08 03:02:39'),
(9, 'Sample Product', 1, '25RS0005', 1, NULL, '2025-05-22', NULL, 'mengirimkan lorem ipsum', '252', NULL, '22', 'AG1315', NULL, 'pending', '2025-05-21 19:46:04', '2025-05-21 19:46:04'),
(10, 'Sample Product', 1, '25RS0005', 1, NULL, '2025-05-22', NULL, 'mengirimkan lorem ipsum', '252', NULL, '22', 'AG1315', NULL, 'pending', '2025-05-21 19:49:30', '2025-05-21 19:49:30'),
(11, 'Sample Product', 1, '25RS0005', 1, NULL, '2025-05-22', NULL, 'mengirimkan lorem ipsum', '252', NULL, '22', 'AG1315', NULL, 'pending', '2025-05-21 19:53:58', '2025-05-21 19:53:58'),
(12, 'Sample Product', 1, '25RS0006', 1, NULL, '2025-05-22', NULL, 'mengirimkan lorem ipsum', '252', NULL, '22', 'AG1315', NULL, 'pending', '2025-05-21 19:54:44', '2025-05-21 19:54:44'),
(13, 'Sample Product', 1, '25RS0006', 1, NULL, '2025-05-22', NULL, 'mengirimkan lorem ipsum', '252', NULL, '22', 'AG1315', NULL, 'pending', '2025-05-21 19:55:27', '2025-05-21 19:55:27'),
(14, 'Sample Product', 1, '25RS0007', 1, NULL, '2025-05-31', NULL, 'mengirimkan lorem ipsum', 'p227', NULL, '22', 'AG1315', NULL, 'pending', '2025-05-27 19:49:12', '2025-05-27 19:49:12'),
(15, 'Sample Product', 2, '25RS0008', 1, NULL, '2025-05-29', NULL, 'mengirimkan lorem ipsum', 'p227', NULL, '22', 'AG1315', NULL, 'pending', '2025-05-27 19:57:52', '2025-05-27 19:57:52'),
(16, 'Sample Product', 2, '25RS0009', 1, NULL, '2025-05-29', NULL, 'mengirimkan lorem ipsum', '252', NULL, '11', 'AG1315', NULL, 'pending', '2025-05-27 20:00:18', '2025-05-27 20:00:18'),
(17, 'Sample Product', 2, '25RS0010', 1, NULL, '2025-05-29', NULL, 'mengirimkan lorem ipsum', 'p227', NULL, '22', 'AG1315', NULL, 'pending', '2025-05-27 20:04:52', '2025-05-27 20:04:52'),
(18, 'Sample Product', 2, '25RS0011', 1, NULL, '2025-05-28', NULL, 'mengirimkan lorem ipsum', 'p227', NULL, '22', 'AG1315', NULL, 'pending', '2025-05-27 20:07:08', '2025-05-27 20:07:08'),
(19, 'Sample Product', 1, '25RS0012', 1, NULL, '2025-05-29', NULL, 'mengirimkan lorem ipsum', 'p227', NULL, '22', 'F0629', NULL, 'pending', '2025-05-27 20:13:10', '2025-05-27 20:13:10'),
(20, 'Sample Product', 1, '25RS0012', 1, NULL, '2025-05-29', NULL, 'mengirimkan lorem ipsum', 'p227', NULL, '22', 'F0629', NULL, 'pending', '2025-05-27 20:13:32', '2025-05-27 20:13:32'),
(21, 'Sample Product', 1, '25RS0013', 1, NULL, '2025-05-30', NULL, 'mengirimkan lorem ipsum', 'p227', NULL, '22', 'AG1315', 'A0121', 'pending', '2025-05-27 20:22:03', '2025-05-27 20:22:03'),
(22, 'Sample Product', 1, '25RS0013', 1, NULL, '2025-05-30', NULL, 'mengirimkan lorem ipsum', 'p227', NULL, '22', 'AG1315', 'A0121', 'pending', '2025-05-27 20:24:00', '2025-05-27 20:24:00'),
(23, 'Sample Product', 1, '25RS0013', 1, NULL, '2025-05-30', NULL, 'mengirimkan lorem ipsum', 'p227', NULL, '22', 'AG1315', 'A0121', 'pending', '2025-05-27 20:24:37', '2025-05-27 20:24:37'),
(24, 'Sample Product', 1, '25RS0013', 1, NULL, '2025-05-30', NULL, 'mengirimkan lorem ipsum', 'p227', NULL, '22', 'AG1315', 'A0121', 'pending', '2025-05-27 20:25:06', '2025-05-27 20:25:06'),
(25, 'Sample Product', 1, '25RS0013', 1, NULL, '2025-05-30', NULL, 'mengirimkan lorem ipsum', 'p227', NULL, '22', 'AG1315', 'A0121', 'pending', '2025-05-27 20:27:10', '2025-05-27 20:27:10'),
(26, 'Sample Product', 1, '25RS0013', 1, NULL, '2025-05-30', NULL, 'mengirimkan lorem ipsum', 'p227', NULL, '22', 'AG1315', 'A0121', 'pending', '2025-05-27 20:28:27', '2025-05-27 20:28:27'),
(27, 'Sample Product', 1, '25RS0013', 1, NULL, '2025-05-30', NULL, 'mengirimkan lorem ipsum', 'p227', NULL, '22', 'AG1315', 'A0121', 'pending', '2025-05-27 20:28:50', '2025-05-27 20:28:50'),
(28, 'Sample Product', 1, '25RS0014', 1, NULL, '2025-05-29', NULL, 'mengirimkan lorem ipsum', 'p227', NULL, '22', 'AG1315', 'A0121', 'pending', '2025-05-27 20:58:24', '2025-05-27 20:58:24'),
(29, 'Sample Product', 1, '25RS0014', 1, NULL, '2025-05-29', NULL, 'mengirimkan lorem ipsum', 'p227', NULL, '22', 'AG1315', 'A0121', 'pending', '2025-05-27 21:10:16', '2025-05-27 21:10:16'),
(30, 'Sample Product', 1, '25RS0014', 1, NULL, '2025-05-29', NULL, 'mengirimkan lorem ipsum', 'p227', NULL, '22', 'AG1315', 'A0121', 'pending', '2025-05-27 21:11:59', '2025-05-27 21:11:59'),
(31, 'Sample Product', 1, '25RS0013', 1, NULL, '2025-05-29', NULL, 'mengirimkan lorem ipsum', '252', NULL, '22', 'AG1315', 'A0121', 'pending', '2025-05-27 21:12:55', '2025-05-27 21:12:55'),
(32, 'Sample Product', 2, '25RS0015', 1, NULL, '2025-05-28', NULL, 'mengirimkan lorem ipsum', 'p227', NULL, '22', 'AG1315', 'A0121', 'pending', '2025-05-27 21:16:00', '2025-05-27 21:16:00'),
(33, 'Sample Product', 1, '25RS0014', 1, NULL, '2025-05-29', NULL, 'mengirimkan lorem ipsum', 'p227', NULL, '22', 'AG1315', 'A0121', 'pending', '2025-05-27 21:19:31', '2025-05-27 21:19:31'),
(34, 'Sample Product', 1, '25RS0014', 1, NULL, '2025-05-29', NULL, 'mengirimkan lorem ipsum', 'p227', NULL, '22', 'AG1315', 'A0121', 'pending', '2025-05-27 21:19:34', '2025-05-27 21:19:34'),
(35, 'Sample Product', 1, '25RS0014', 1, NULL, '2025-05-29', NULL, 'mengirimkan lorem ipsum', 'p227', NULL, '22', 'AG1315', 'A0121', 'pending', '2025-05-27 21:21:24', '2025-05-27 21:21:24'),
(36, 'Sample Product', 1, '25RS0016', 1, NULL, '2025-05-30', NULL, 'mengirimkan lorem ipsum', 'p227', NULL, '22', 'AG1315', 'A0121', 'pending', '2025-05-27 21:22:54', '2025-05-27 21:22:54'),
(37, 'Sample Product', 1, '25RS0016', 1, NULL, '2025-05-30', NULL, 'mengirimkan lorem ipsum', 'p227', NULL, '22', 'AG1315', 'A0121', 'pending', '2025-05-27 21:24:19', '2025-05-27 21:24:19'),
(38, 'Sample Product', 1, '25RS0016', 1, NULL, '2025-05-30', NULL, 'mengirimkan lorem ipsum', 'p227', NULL, '22', 'AG1315', 'A0121', 'pending', '2025-05-27 21:26:08', '2025-05-27 21:26:08'),
(39, 'Sample Product', 1, '25RS0016', 1, NULL, '2025-05-30', NULL, 'mengirimkan lorem ipsum', 'p227', NULL, '22', 'AG1315', 'A0121', 'pending', '2025-05-27 21:27:09', '2025-05-27 21:27:09'),
(40, 'Sample Product', 1, '25RS0016', 1, NULL, '2025-05-30', NULL, 'mengirimkan lorem ipsum', 'p227', NULL, '22', 'AG1315', 'A0121', 'pending', '2025-05-27 21:32:29', '2025-05-27 21:32:29'),
(41, 'Sample Product', 2, '25RS0017', 1, NULL, '2025-06-28', NULL, 'mengirimkan lorem ipsum', 'p227', NULL, '22', 'AG1315', 'A0121', 'pending', '2025-06-01 21:45:43', '2025-06-01 21:45:43'),
(42, 'Sample Product', 2, '25RS0017', 1, NULL, '2025-06-28', NULL, 'mengirimkan lorem ipsum', 'p227', NULL, '22', 'AG1315', 'A0121', 'pending', '2025-06-01 21:46:12', '2025-06-01 21:46:12'),
(43, 'Sample Product', 2, '25RS0017', 1, NULL, '2025-06-28', NULL, 'mengirimkan lorem ipsum', 'p227', NULL, '22', 'AG1315', 'A0121', 'pending', '2025-06-01 21:46:18', '2025-06-01 21:46:18'),
(44, 'Sample Product', 2, '25RS0018', 1, NULL, '2025-06-20', NULL, 'mengirimkan lorem ipsum', 'p227', NULL, '22', 'AG1315', 'A0121', 'pending', '2025-06-02 00:05:13', '2025-06-02 00:05:13'),
(45, 'Sample Product', 2, '25RS0018', 1, NULL, '2025-06-20', NULL, 'mengirimkan lorem ipsum', 'p227', NULL, '22', 'AG1315', 'A0121', 'pending', '2025-06-02 00:05:53', '2025-06-02 00:05:53'),
(46, 'Sample Product', 2, '25RS0019', 1, NULL, '2025-06-02', NULL, 'mengirimkan lorem ipsum', 'p227', NULL, '22', 'AG1315', 'A0121', 'pending', '2025-06-02 00:13:13', '2025-06-02 00:13:13'),
(47, 'Sample Product', 1, '25RS0020', 1, NULL, '2025-06-02', NULL, 'mengirimkan lorem ipsum', 'p227', NULL, '22', 'AG1315', 'A0121', 'pending', '2025-06-02 00:15:51', '2025-06-02 00:15:51'),
(48, 'Sample Product', 1, '25RS0020', 1, NULL, '2025-06-02', NULL, 'mengirimkan lorem ipsum', 'p227', NULL, '22', 'AG1315', 'A0121', 'pending', '2025-06-02 00:15:56', '2025-06-02 00:15:56'),
(49, 'Sample Product', 1, '25RS0021', 1, NULL, '2025-06-03', NULL, 'mengirimkan lorem ipsum', 'p227', NULL, '22', 'AG1315', 'A0121', 'pending', '2025-06-03 03:00:08', '2025-06-03 03:00:08'),
(50, 'Sample Product', 1, '25RS0021', 1, NULL, '2025-06-03', NULL, 'mengirimkan lorem ipsum', 'p227', NULL, '22', 'AG1315', 'A0121', 'pending', '2025-06-03 03:01:07', '2025-06-03 03:01:07'),
(51, 'Sample Product', 1, '25RS0021', 1, NULL, '2025-06-03', NULL, 'mengirimkan lorem ipsum', 'p227', NULL, '22', 'AG1315', 'A0121', 'pending', '2025-06-03 03:01:08', '2025-06-03 03:01:08'),
(52, 'Sample Product', 1, '25RS0021', 1, NULL, '2025-06-03', NULL, 'mengirimkan lorem ipsum', 'p227', NULL, '22', 'AG1315', 'A0121', 'pending', '2025-06-03 03:02:28', '2025-06-03 03:02:28'),
(53, 'Sample Product', 1, '25RS0021', 1, NULL, '2025-06-03', NULL, 'mengirimkan lorem ipsum', 'p227', NULL, '22', 'AG1315', 'A0121', 'pending', '2025-06-03 03:03:46', '2025-06-03 03:03:46'),
(54, 'Sample Product', 1, '25RS0022', 1, NULL, '2025-06-03', NULL, 'mengirimkan lorem ipsum', 'p227', NULL, '22', 'AG1315', 'A0121', 'pending', '2025-06-03 03:04:32', '2025-06-03 03:04:32');

-- --------------------------------------------------------

--
-- Table structure for table `sections`
--

CREATE TABLE `sections` (
  `id` bigint(20) UNSIGNED NOT NULL,
  `name` varchar(255) NOT NULL,
  `created_at` timestamp NULL DEFAULT NULL,
  `updated_at` timestamp NULL DEFAULT NULL
) ENGINE=InnoDB DEFAULT CHARSET=utf8mb4 COLLATE=utf8mb4_unicode_ci;

--
-- Dumping data for table `sections`
--

INSERT INTO `sections` (`id`, `name`, `created_at`, `updated_at`) VALUES
(1, 'Engineering & Maintenance', '2024-11-01 03:50:00', '2024-11-01 03:50:11'),
(2, 'HCD', '2024-11-01 03:50:02', '2024-11-01 03:50:11'),
(4, 'Purchasing', '2024-11-01 03:50:03', '2024-11-01 03:50:10'),
(5, 'Creative Business Transformation', '2024-11-01 03:50:04', '2024-11-01 03:50:09'),
(6, 'Export Admin', '2024-11-01 03:50:04', '2024-11-01 03:50:09'),
(7, 'Batch Refinery', '2024-11-01 03:50:06', '2024-11-01 03:50:08'),
(8, 'Business Controller', '2024-11-01 03:50:05', '2024-11-01 03:50:08'),
(9, 'East Region', '2024-11-01 03:50:06', '2024-11-01 03:50:07'),
(10, 'Finance', '2024-11-01 04:21:19', '2024-11-01 04:21:20'),
(11, 'GA', '2024-11-01 04:26:50', '2024-11-01 04:26:51'),
(12, 'HSE', '2024-11-01 04:26:51', '2024-11-01 04:26:52'),
(13, 'Industrial & Key Account', '2024-11-01 04:26:53', '2024-11-01 04:26:53'),
(14, 'International Sales', '2024-11-01 04:26:54', '2024-11-01 04:26:54'),
(15, 'Logistic', '2024-11-01 04:26:56', '2024-11-01 04:26:55'),
(16, 'Marketing', '2024-11-01 04:26:57', '2024-11-01 04:26:56'),
(17, 'Marsho', '2024-11-01 04:26:57', '2024-11-01 04:27:06'),
(18, 'MIS', '2024-11-01 04:26:58', '2024-11-01 04:27:05'),
(19, 'PPIC', '2024-11-01 04:26:59', '2024-11-01 04:27:05'),
(20, 'QA', '2024-11-01 04:26:59', '2024-11-01 04:27:04'),
(21, 'QC', '2024-11-01 04:27:00', '2024-11-01 04:27:04'),
(22, 'R & D', '2024-11-01 04:27:00', '2024-11-01 04:27:03'),
(23, 'RTM', '2024-11-01 04:27:01', '2024-11-01 04:27:03'),
(24, 'Sales Admin', '2024-11-01 04:27:01', '2024-11-01 04:27:02'),
(25, 'Technical', '2024-11-01 04:27:07', '2024-11-01 04:27:09'),
(26, 'West Region', '2024-11-01 04:27:08', '2024-11-01 04:27:09');

-- --------------------------------------------------------

--
-- Table structure for table `users`
--

CREATE TABLE `users` (
  `id` bigint(20) UNSIGNED NOT NULL,
  `nik` varchar(20) NOT NULL,
  `name` varchar(255) NOT NULL,
  `email` varchar(255) NOT NULL,
  `password` varchar(255) NOT NULL,
  `avatar` text DEFAULT NULL,
  `remember_token` varchar(100) DEFAULT NULL,
  `created_at` timestamp NULL DEFAULT NULL,
  `updated_at` timestamp NULL DEFAULT NULL,
  `department_id` int(10) UNSIGNED DEFAULT NULL,
  `position_id` bigint(20) UNSIGNED DEFAULT NULL,
  `section_id` bigint(20) UNSIGNED DEFAULT NULL
) ENGINE=InnoDB DEFAULT CHARSET=utf8mb4 COLLATE=utf8mb4_unicode_ci;

--
-- Dumping data for table `users`
--

INSERT INTO `users` (`id`, `nik`, `name`, `email`, `password`, `avatar`, `remember_token`, `created_at`, `updated_at`, `department_id`, `position_id`, `section_id`) VALUES
(1, 'AG1111', 'Admin', 'staff@smii.co.id', '$2y$12$YjBvJTmOwhwIBSsh47YKR.pElE6DgdbaObLysE9IZqN00wlUsBcAa', NULL, NULL, '2024-10-09 00:39:35', '2024-12-12 03:03:21', 2, 32, 18),
(2, 'AG2222', 'Manager', 'staff@smii.co.id', '$2y$12$IKw.O34doXQsTQz.EiDlVeUAVhCsJu6kkwzAGrc10dsyrZkkSnXNK', NULL, NULL, '2024-10-09 00:39:36', '2024-12-03 21:23:43', 3, 32, 1),
(3, 'Ag3333', 'Staff', 'staff@smii.co.id', '$2y$12$jJ.hZlJJBtl2IA/Xy7Lc.uPR/WYdnuIxQvegs/QCIBFjbtHtoDve6', NULL, NULL, '2024-10-09 00:39:36', '2024-10-09 00:39:36', 2, 32, 1),
(4, 'Ag4444', 'Karyawan', 'staff@smii.co.id', '$2y$12$Lk0TaKuvGxvfc1v6g6gawuEEqdWikIzIfAE/T4L7y9XfRqOgdUpE.', NULL, NULL, '2024-10-09 00:39:36', '2024-10-09 00:39:36', 2, 32, 1),
(10, 'AG1315', 'Ade Rusmana', 'ade.rusmana@smii.co.id', '$2y$12$1qqe7LXZPXHcJKQepfUhhuVuJRRAvpeKzt8XYWURN6ow0Sgoo4l0S', 'AG1315.jpg', 'IDP4naAuVOAIsV31YMmHUX4e8naXg0cy3cFxEPKyatknTPb7FTxaS5lc0X7Z', '2024-10-14 21:24:45', '2024-12-20 00:35:38', 2, 1, 18),
(980, 'S0905', 'Jimmy Ferdinand', 'staff@smii.co.id', '$2y$12$qVntPsPT7NZOdF.tgN7chupqfTk3KXP1EdKFwlBnuy8Wwf/S/J9jq', '', NULL, '2024-11-03 19:07:47', '2024-12-03 20:38:45', 1, 33, 1),
(982, 'M0812', 'Djarot Hendrawan', 'djarot.hendrawan@smii.co.id', '$2y$12$NY7BuQw9RYFtRpKUcgm06Occfk4DwwzThWEieQgdzABhLA64d3Lmu', '', NULL, '2024-11-03 19:07:48', '2024-12-04 02:03:28', 4, 32, 17),
(983, 'T0930', 'Linda Rianty', 'staff@smii.co.id', '$2y$12$3ZPDu8gQsaEJMaIu.T1Uvu9qdfql1Y2j2whvHJKkUyC2Zkebq2zqu', '', NULL, '2024-11-03 19:07:48', '2024-12-03 21:08:41', 2, 32, 4),
(984, 'T0932', 'Arief Fazry', 'arief.fazry@smii.co.id', '$2y$12$xnBHdgWD2IpuJblTtL9g4OTmDXRaNOfTluGUMD4us7sTCKwNfmxyW', '', NULL, '2024-11-03 19:07:48', '2025-01-03 00:03:55', 2, 32, 5),
(985, 'AE1279', 'Fitriyah Rahayu', 'fitriyah.rahayu@smii.co.id', '$2y$12$qQDqtv38SxYxiA1BPXun4.xa1fTOaGDW7gCg24hndhTBBMlIDvWBa', 'AE1279.jpeg', NULL, '2024-11-03 19:07:48', '2024-12-05 02:43:20', 8, 32, 6),
(986, 'AC1166', 'Dimas Supriyadi', 'staff@smii.co.id', '$2y$12$KlSfcIvF1DkCQK9VYnP62.7JLY0W0qubdi0k0eTn73JENOABC/ddS', '', NULL, '2024-11-03 19:07:49', '2024-12-03 21:12:56', 4, 32, 7),
(987, 'A0121', 'Mujiyono', 'staff@smii.co.id', '$2y$12$uo.OXFp2voBJDnY3uA7gjOsCsyLHPcIaDHOdY8cvNj3I4DRQyD6Ly', '', NULL, '2024-11-03 19:07:49', '2024-12-03 21:10:01', 4, 32, 7),
(988, 'AE1275', 'Ahmad Suryalatif', 'staff@smii.co.id', '$2y$12$/xN1CVHzrr1dci8mqxlDRuuG2uud1AIpUHCnj3MkVHOcHQ7l92xgm', '', NULL, '2024-11-03 19:07:49', '2024-12-03 21:13:34', 4, 32, 7),
(989, 'A0163', 'Sutikno', 'staff@smii.co.id', '$2y$12$XzjXyNhrLrojsrc6v37Z4e1Ju5s/sY2wmMjSosl3hRtXxPFWjEZyu', '', NULL, '2024-11-03 19:07:49', '2024-12-03 21:14:17', 4, 32, 7),
(990, 'F0629', 'Ali Maksum', 'staff@smii.co.id', '$2y$12$tjSywcx05/5rC51VqwYUW.ToAqHNgJv3AV3fsoT6bWgaNcFrP/h0q', '', NULL, '2024-11-03 19:07:49', '2024-12-03 21:35:05', 4, 32, 7),
(991, 'I0726', 'Asep Sopiana', 'staff@smii.co.id', '$2y$12$w5NeFJygz7QWgGIDqmuRceh1bHUxpIoXC4Izn6RlSe9o2X72drhqu', '', NULL, '2024-11-03 19:07:50', '2024-12-04 19:10:58', 4, 32, 7),
(992, 'N0826', 'Ahmad Sanusi', 'staff@smii.co.id', '$2y$12$iFSPh.I00mAsNQTEn4qwwu2kFIsOJpAKjQsL0p2mNHUBuaKmyGU16', '', NULL, '2024-11-03 19:07:50', '2024-12-03 21:33:07', 4, 32, 7),
(993, 'A0150', 'Sumadi', 'staff@smii.co.id', '$2y$12$jECqV.nqzh0n6DBXlj68ce0w6dn707P0UGWkj5MZxYhfG9wfJzpQC', '', NULL, '2024-11-03 19:07:50', '2024-12-03 21:33:35', 4, 32, 7),
(994, 'F0607', 'Sudarmanta', 'staff@smii.co.id', '$2y$12$zZRFVP5.n4paTRqZaymn7e0trGJ4N9JqaZhUhctUlu18sMQmWfqSG', '', NULL, '2024-11-03 19:07:50', '2024-12-03 21:34:05', 4, 32, 7),
(995, 'H0670', 'Endra Komara', 'staff@smii.co.id', '$2y$12$YkFN1ATqOiUZ.q9vYFt33uTkRrBKR8JXy80KHgiOMyC5s.bsGkn9W', '', NULL, '2024-11-03 19:07:51', '2024-12-03 21:34:26', 4, 32, 7),
(996, 'H0674', 'Yulianto', 'staff@smii.co.id', '$2y$12$VIHUmmqXuhTIG16MJse3zeqs6DOTrWmb4VEJQa2vSHrEvdT.nMGNG', '', NULL, '2024-11-03 19:07:51', '2024-12-03 21:35:38', 4, 32, 7),
(997, 'I0729', 'Musyaddad', 'staff@smii.co.id', '$2y$12$HexfS4soCmKP5eMlhg8Fm.SQzyU5adUHrRKGd0UtOqm8SkNOvABeS', '', NULL, '2024-11-03 19:07:51', '2024-12-03 21:37:18', 4, 32, 7),
(998, 'K0781', 'Agus Uminir', 'staff@smii.co.id', '$2y$12$LOA2rrYTm9VHb7EUfBZUM.Kf0xt/fc8lFv1DjB9WSeZEokp9qVl6y', '', NULL, '2024-11-03 19:07:51', '2024-12-03 21:40:05', 4, 32, 7),
(999, 'K0784', 'Juhardani', 'staff@smii.co.id', '$2y$12$37ha/jLVu2nhBXgHznsHcuXG4yMH5cvPVR3IUB13wBYm237lHK.Ja', '', NULL, '2024-11-03 19:07:51', '2024-12-03 21:37:41', 4, 32, 7),
(1000, 'K0785', 'Junaidi', 'staff@smii.co.id', '$2y$12$HOAROwrF1w/vTJFqtltNleNNhhjBMpHgLKZNoS50jqbUPWEcrvBrW', '', NULL, '2024-11-03 19:07:52', '2024-12-03 21:36:45', 4, 32, 7),
(1001, 'U0956', 'Madin', 'staff@smii.co.id', '$2y$12$MJgoVtPeq64O5nBlJZJDpeypp8zmJX/dO3GyD2dKLoEI7gRVpfS0S', '', NULL, '2024-11-03 19:07:52', '2024-11-03 19:07:52', 4, 32, 7),
(1002, 'U0957', 'Dwi Hastono', 'staff@smii.co.id', '$2y$12$5fUfp3zgKqNFiOdz5jcUp.ha8OwBqutGq9CJ/E9sWN3PY2SC7JU3C', '', NULL, '2024-11-03 19:07:52', '2024-11-03 19:07:52', 4, 32, 7),
(1003, 'AC1170', 'Nein', 'staff@smii.co.id', '$2y$12$dItD/xUJwyE4TQIXIcBMYurtY1FtuYqTc3U.gYCT4aGFqS7mv8PRy', '', NULL, '2024-11-03 19:07:52', '2024-12-03 21:32:23', 4, 32, 7),
(1004, 'AC1188', 'Sultan Syahjamawi Ali', 'staff@smii.co.id', '$2y$12$cj7A6QtSs4aJJx9HCvjrGugxyGFKIlb8dRK7vL9jAEZYb6en1mY8K', '', NULL, '2024-11-03 19:07:52', '2024-11-03 19:07:52', 4, 32, 7),
(1005, 'AD1226', 'Ubaidilah', 'staff@smii.co.id', '$2y$12$A2ZrU3GSujvRPUMudvnKDebu9P5cKp0Kqg4jDcYicDbG/Qh6HMjqq', '', NULL, '2024-11-03 19:07:53', '2024-12-03 21:40:36', 4, 32, 7),
(1006, 'AE1254', 'Fikri Irmawan', 'staff@smii.co.id', '$2y$12$/8QBNlEU7oxutiKPgoukKO/ZpoZ94kKWQ5kxJddsxNjGQoOdZ66pC', '', NULL, '2024-11-03 19:07:53', '2024-12-03 21:41:26', 4, 32, 7),
(1007, 'AE1267', 'Dika Vauzan Sobirin', 'staff@smii.co.id', '$2y$12$LbCAJM0zHHYd18vmnhLZ.OmMJoo/tVEi44JmsGBCux0qDUNcUiBx6', '', NULL, '2024-11-03 19:07:53', '2024-12-03 21:46:06', 4, 32, 7),
(1008, 'AG1323', 'Ammar Fauzan', 'staff@smii.co.id', '$2y$12$b.9KJTfa96.0Y04InrPGk.9H6ovmib1TiSY.Oj1ZbS1eyODl1HXTG', 'AG1323.jpg', NULL, '2024-11-03 19:07:53', '2024-12-16 20:52:14', 4, 32, 7),
(1009, 'U0955', 'Danu Purboyo', 'staff@smii.co.id', '$2y$12$/q4j4w7lNp8X0lRgW43XEuumyKH7h44Llvl1FPGhdn3fidFpK5rZG', '', NULL, '2024-11-03 19:07:54', '2024-12-03 21:45:21', 2, 32, 8),
(1010, 'AB1139', 'Ellyza Kusuma Wardani', 'staff@smii.co.id', '$2y$12$TtRX1.7hrTo6pKRQDhA5s.Tq6uanL4Appi5q5A3jN.UnILcElRW2K', '', NULL, '2024-11-03 19:07:54', '2024-12-03 21:44:52', 2, 32, 8),
(1011, 'Z1073', 'Kunto Guritno', 'kunto.guritno@smii.co.id', '$2y$12$Q5.K2flVJFVgUAEPrp.tjuPZhu1HOCY2QbZVqBilrftV7dtUg7Oeq', 'Z1073.png', NULL, '2024-11-03 19:07:54', '2024-12-25 18:18:44', 2, 32, 8),
(1012, 'S0900', 'Syahruzar Syam', 'staff@smii.co.id', '$2y$12$OSAnHAHaV1sdEMGeEl5XfuaC1jGf.uAvHo.bMByuCgdryjYa5yqkC', '', NULL, '2024-11-03 19:07:54', '2024-12-03 21:44:19', 7, 32, 9),
(1013, 'K0769', 'Jack Gembira Sitinjak', 'staff@smii.co.id', '$2y$12$14ukq8WHEYif1fN0aceLyO7QH10wEMr5dpMYMBToMtGMckScxE8hS', '', NULL, '2024-11-03 19:07:54', '2024-12-03 21:43:33', 7, 32, 9),
(1015, 'U0941', 'Aditiawansyah', 'aditiawansyah@smii.co.id', '$2y$12$QBmnYpPm/BvjFy0oP3O9xeB.Yb.uMKPGCktV17O.78k/HtkH8KDnO', '', NULL, '2024-11-03 19:07:55', '2024-12-11 23:22:43', 7, 32, 9),
(1016, 'AC1177', 'Khairudin', 'staff@smii.co.id', '$2y$12$9SeuRZtopVvx7m5obCC70u0ljIy0zIkF96Ad9HgjL1yql8eZDW5H2', '', NULL, '2024-11-03 19:07:55', '2024-12-03 21:50:05', 7, 32, 9),
(1017, 'AF1301', 'Arip Haryanto', 'staff@smii.co.id', '$2y$12$1HcA5AymCd10LShpc1cGMeH9kXjikBRjUFv.uoHCQrL4pTMKTiLii', '', NULL, '2024-11-03 19:07:55', '2024-12-03 21:50:27', 7, 32, 9),
(1018, 'X1030', 'Sapto Yogasmara', 'staff@smii.co.id', '$2y$12$fmopLwZ06MZL8Ob3KxaVMe0wAsFmKqdKMxhD/DDuitPBIpl0eDkP6', '', NULL, '2024-11-03 19:07:55', '2024-12-24 01:41:00', 7, 32, 9),
(1019, 'AF1292', 'Arham Bisma Bahari', 'staff@smii.co.id', '$2y$12$HdlFIIcebrlDvsY0jw.xwODOO.LdpmlqKefNTBQV7BUbH2FUxA35W', '', NULL, '2024-11-03 19:07:56', '2024-12-03 21:50:59', 7, 32, 9),
(1020, 'AF1295', 'Anwar Rusady', 'staff@smii.co.id', '$2y$12$QQtw/KN5E.zhdHlIz4qlmOh8WydOfhhX4TXPuS5ejEVLxuIIOaBIm', '', NULL, '2024-11-03 19:07:56', '2024-12-22 23:47:21', 7, 32, 9),
(1021, 'AF1299', 'Dewi Nurhayati', 'staff@smii.co.id', '$2y$12$b05G3S6zl68rXmkpzczwAe75nDIZ0XT08q8xPcaLu4KSAZ23CQOoK', '', NULL, '2024-11-03 19:07:56', '2024-12-04 19:28:47', 7, 32, 9),
(1022, 'AF1302', 'Andrie Setiadi Putera', 'andrie.putera@smii.co.id', '$2y$12$q/0D4VfbKje4KqzB7oNv9ei9L.Zj/xVOTYwTHrEikmvBfv7LyGkd.', '', NULL, '2024-11-03 19:07:56', '2024-12-11 19:45:55', 7, 32, 9),
(1023, 'AG1319', 'Albet Nego', 'staff@smii.co.id', '$2y$12$1n0qR.Uq9keyhlTDrKECW.oBfRpZIAVxjPjdBON2IIbsa.RS1IO1W', '', NULL, '2024-11-03 19:07:57', '2024-11-03 19:07:57', 7, 32, 9),
(1024, 'AG1322', 'Hery Martono', 'hery.martono@smii.co.id', '$2y$12$6.H5fY2jGTZDInIavejhceth6eyag3qoAvwt0CDdJ3gJqf8jEOEK.', '', NULL, '2024-11-03 19:07:57', '2024-12-11 19:32:13', 7, 32, 9),
(1025, 'Z1079', 'Mifa Miftahul Chair', 'miftahul.choir@smii.co.id', '$2y$12$2EI9PSip7ibprvYqULytP.SRtb0I4NnmV6gK5knV/46vUuO1royXG', '', NULL, '2024-11-03 19:07:57', '2024-12-11 19:55:23', 7, 32, 9),
(1026, 'AA1104', 'Akhmad Sahril', 'staff@smii.co.id', '$2y$12$YkBenj6BikTpLP2KwYJ28.EDGpm1sZYqleY94W0.SYdsZMrfp32Fq', '', NULL, '2024-11-03 19:07:57', '2024-12-04 18:52:14', 7, 32, 9),
(1027, 'AC1165', 'Leri Christian Manafe', 'staff@smii.co.id', '$2y$12$bVyDv02sfael4QTaoJVsJub..8Iwx3Ni/px1qVQHhkmwfPzT2uws6', '', NULL, '2024-11-03 19:07:57', '2024-12-04 19:28:18', 7, 32, 9),
(1028, 'AC1168', 'Sugeng Hariyanto', 'staff@smii.co.id', '$2y$12$uEjLpjZnPTJlPWLH1I2bsOh5ALdqfxk5//x8E8QegTQVnIPXgK4uq', '', NULL, '2024-11-03 19:07:58', '2024-11-03 19:07:58', 7, 32, 9),
(1029, 'AD1234', 'Azwar Munif', 'staff@smii.co.id', '$2y$12$F7es369SPrOhaPe3EPDb5udVHjAQMFQOPcS.oBut6vjopKl.JRI4.', '', NULL, '2024-11-03 19:07:58', '2024-11-03 19:07:58', 7, 32, 9),
(1030, 'AD1237', 'Dendi Heriyanto', 'staff@smii.co.id', '$2y$12$ZmtuuiVFgWUP34LPJXqA..Xl1jJcYb.bSbVGOInYZZJV9VkSZ/wOe', '', NULL, '2024-11-03 19:07:58', '2024-12-04 19:28:25', 7, 32, 9),
(1031, 'AE1272', 'Saeful Safar', 'staff@smii.co.id', '$2y$12$GuGD8ql5NcdTnn8dVUf8GuxkkVy.Ng95FZtqK/RqSxJADkCqsqape', '', NULL, '2024-11-03 19:07:58', '2024-12-04 19:47:49', 7, 32, 9),
(1032, 'AF1297', 'Lopu Satria Nugraha', 'staff@smii.co.id', '$2y$12$6VUYoz5fWf4/JGbj3RuSqOTiLXz2IhzC.CcEDxoOEsfq.7BtiiOs2', '', NULL, '2024-11-03 19:07:59', '2024-12-04 19:47:08', 7, 32, 9),
(1033, 'AF1303', 'Nova Lila Sari', 'staff@smii.co.id', '$2y$12$xb7Avom5SYqjsNJGkSfTnuqdgGLyl2F5UZD7T8IQT1ZK5bstSuD5O', '', NULL, '2024-11-03 19:07:59', '2024-12-04 19:47:28', 7, 32, 9),
(1034, 'AG1310', 'Lepi Candra', 'staff@smii.co.id', '$2y$12$RJd6fgsEoxSAUGImHgC9heXMD6JflgoWzv8XCN91LdC/wRaMq1Y0y', '', NULL, '2024-11-03 19:07:59', '2024-12-04 19:46:47', 7, 32, 9),
(1035, 'AG1316', 'Ali Mahmudi', 'staff@smii.co.id', '$2y$12$DtPU6PkXWW7QvSWzVLS9COtdBOjhxCsc6x5uPc29vQUy2rRnuDUL2', '', NULL, '2024-11-03 19:07:59', '2024-12-11 20:02:00', 7, 32, 9),
(1036, 'AG1321', 'Zuniar Usman', 'staff@smii.co.id', '$2y$12$TqlN/GjCAdtPMDLa3gO0mekgXubDKBr92UdgVZ6GByU47dYxd3nbW', '', NULL, '2024-11-03 19:07:59', '2024-11-03 19:07:59', 7, 32, 9),
(1037, 'AG1330', 'La Ode Saiful, S.Ip', 'staff@smii.co.id', '$2y$12$7YmKb0UHtHlpl21HdjiJ7uotCN4kRuNYgSuYreCDxvfB3kTdHu0O2', '', NULL, '2024-11-03 19:08:00', '2024-12-04 19:48:59', 7, 32, 9),
(1038, 'AG1331', 'Muhammad Taufikurrahman', 'staff@smii.co.id', '$2y$12$PHLL2Yh0ysDEV4E/.EJzIuMGAF6Z8YX1fDh.zUxraLsuPbAkmk4De', '', NULL, '2024-11-03 19:08:00', '2024-12-04 19:49:22', 7, 32, 9),
(1039, 'AG1343', 'Rachman Fernanda', 'staff@smii.co.id', '$2y$12$iUmfdK7sBjcl4yUDqzYlWuqqYDNlNj2rVpO6tkEugZBTwH49uU1IC', '', NULL, '2024-11-03 19:08:00', '2024-12-04 19:50:25', 7, 32, 9),
(1040, 'AG1346', 'Akhmad Naofal', 'staff@smii.co.id', '$2y$12$8RvIlYuL8n/eICP6V4VHBu4foFiB9lLldrk5VTsz06VADGUh55r9q', '', NULL, '2024-11-03 19:08:00', '2024-12-04 18:51:45', 7, 32, 9),
(1041, 'A0044', 'Hartono', 'staff@smii.co.id', '$2y$12$iLAaPHUL1jfqwue83w8vzu7/fza4WRQnEXeULkuJBLgDeVFxUbxDy', '', NULL, '2024-11-03 19:08:00', '2024-11-03 19:08:00', 1, 32, 1),
(1042, 'V0988', 'Muntari', 'staff@smii.co.id', '$2y$12$uGsMtfBCbBol6cEdqtjszO2EhUvBCURLe6WyDk6YpWWBG14azJq9q', '', NULL, '2024-11-03 19:08:01', '2024-12-04 19:51:13', 1, 32, 1),
(1043, 'AG1317', 'Ashar Herrianto', 'staff@smii.co.id', '$2y$12$V2kB6ocqud6HyaFVFzQfdOTF0MwhHQRRF.5RV.Sd/DCor9PXO7ol6', '', NULL, '2024-11-03 19:08:01', '2024-12-04 19:11:36', 1, 32, 1),
(1044, 'AG1350', 'Adi Ardiansyah', 'staff@smii.co.id', '$2y$12$oQPMU57vcjFPUyIT/6Rj5u4TspmOLHvL3zHhRWENjs9yzIQYzu8Tu', '', NULL, '2024-11-03 19:08:01', '2024-12-04 18:39:59', 1, 32, 1),
(1045, 'A0079', 'Suseno', 'staff@smii.co.id', '$2y$12$MyDuUPnaphmRmm9fsAKA6.H.lCgM/RlqcfszUwooeTUxVoDROEZOq', '', NULL, '2024-11-03 19:08:01', '2024-12-04 19:48:24', 1, 32, 1),
(1046, 'N0832', 'Iwan Supriyadi', 'staff@smii.co.id', '$2y$12$kwQ67p4bJtc.Op7jxHzgNeAuvc8OvidcHoLpDlAWFQo7i/LptYS8C', '', NULL, '2024-11-03 19:08:02', '2024-11-03 19:08:02', 1, 32, 1),
(1047, 'AC1191', 'Dwi Hermanto', 'staff@smii.co.id', '$2y$12$DjMO5j.g4a6tH/MRPOG1YO1LYLD4ydhgoeiuEE/QNkxF6oy8LIKku', '', NULL, '2024-11-03 19:08:02', '2024-12-04 19:33:39', 1, 32, 1),
(1048, 'AD1224', 'Muhammad Ilham Mawazi', 'staff@smii.co.id', '$2y$12$IAUl.LdKgtroCiKNFQOFIu4WG0mBNizttsfxRI7.jt1bFJ/BnVRPe', '', NULL, '2024-11-03 19:08:02', '2024-12-04 19:52:23', 1, 32, 1),
(1049, 'AG1327', 'Heribertus Dwie Nugroho', 'staff@smii.co.id', '$2y$12$7Z7ShbowufVmFEi23Wo/G.1XoT.ujvspJ1ZNqE1W0SJ1W8J0s1huG', '', NULL, '2024-11-03 19:08:02', '2024-12-04 19:49:21', 1, 32, 1),
(1050, 'AG1338', 'Bagus Ardiyanto', 'staff@smii.co.id', '$2y$12$kpTaXV1IsjU.PSi.SamERuFLnixR5.Y2GsncNflwMUgCUBFAkV7Fa', '', NULL, '2024-11-03 19:08:02', '2024-12-04 19:14:41', 1, 32, 1),
(1051, 'AG1340', 'Muhamad Aldi', 'staff@smii.co.id', '$2y$12$WQtta7j4nf63mLT9vdkwcO6PhUcSC71IYjzkUO1RoIUwX9Y2533SK', '', NULL, '2024-11-03 19:08:03', '2024-12-04 19:53:31', 1, 32, 1),
(1052, 'AG1344', 'Husni Mubarok', 'staff@smii.co.id', '$2y$12$XAe5mkCW4WD1Pi6TjsAPZ.LkBKku1w22BcxxAVgdMwTUM7yukmKiO', '', NULL, '2024-11-03 19:08:03', '2024-11-03 19:08:03', 1, 32, 1),
(1053, 'C0375', 'Wagiono', 'staff@smii.co.id', '$2y$12$zufn5scYayAL/u/AP19qyettFzgd2FlfYG90adKolxeqb3ZDX19Ga', '', NULL, '2024-11-03 19:08:03', '2024-12-04 19:54:12', 1, 32, 1),
(1054, 'D0428', 'Teguh Suyono', 'staff@smii.co.id', '$2y$12$1T7IS/XbrHH0rP/2HSNnqu1wp8zj3sQRBbxOvy6O9rAQcqrxzI1y.', '', NULL, '2024-11-03 19:08:03', '2024-12-04 19:54:42', 1, 32, 1),
(1055, 'D0438', 'Surip', 'staff@smii.co.id', '$2y$12$A2ffhzVCL2zS1kmRs8nk3utyKhVi8bLdPKFXIJSJ7k1Fn6Knad5zm', '', NULL, '2024-11-03 19:08:03', '2024-12-04 19:55:08', 1, 32, 1),
(1056, 'E0483', 'Hasanudin', 'staff@smii.co.id', '$2y$12$sxGLEAcKzn.UjYMqmyL7IedAt/8k/ThrnRJvqfdIKXgWIwjkE42Qq', '', NULL, '2024-11-03 19:08:04', '2024-12-04 19:44:38', 1, 32, 1),
(1057, 'F0599', 'Ibrahim M. Saleh', 'staff@smii.co.id', '$2y$12$WmGK0YWxVm8Qn1Xi6yUh1.VFR1cDG3VipIVP2sLZdMeM4YLhehzI6', '', NULL, '2024-11-03 19:08:04', '2024-12-04 19:51:58', 1, 32, 1),
(1058, 'G0646', 'Kasmanto', 'staff@smii.co.id', '$2y$12$zMdyygcllg3QT68BCIOfxexalY1jHJPOoYJQoHE8xaKLM5a3FDkHa', '', NULL, '2024-11-03 19:08:04', '2024-11-03 19:08:04', 1, 32, 1),
(1059, 'H0657', 'Yohanes Winarto', 'staff@smii.co.id', '$2y$12$XIVCm4yqALjfTg2XHTLmMe78Tb5reG68wLQ9vMYSLQYt9fv7ColLW', '', NULL, '2024-11-03 19:08:04', '2024-12-04 19:55:42', 1, 32, 1),
(1060, 'H0688', 'Didi Winarko', 'staff@smii.co.id', '$2y$12$quU.z7e61/S004VahSmB3eB1sLhcYBhFr7oiElymEE0DAn5MlHRUC', '', NULL, '2024-11-03 19:08:05', '2024-12-04 19:30:25', 1, 32, 1),
(1061, 'L0796', 'Teguh Waluyo', 'staff@smii.co.id', '$2y$12$tTDJG7YZmjnurMZBT5Gn1OINi1//ZbZPy3e/83ukopg50fTLpwKny', '', NULL, '2024-11-03 19:08:05', '2024-12-04 19:56:05', 1, 32, 1),
(1062, 'P0852', 'Budianto', 'staff@smii.co.id', '$2y$12$HxPXVnIFUVVLA2sZD4taxeeyfTb0BwjRuqtRtZO80Y2/caykYMBPm', '', NULL, '2024-11-03 19:08:05', '2024-12-04 19:16:40', 1, 32, 1),
(1063, 'S0908', 'Heri Riswanto', 'staff@smii.co.id', '$2y$12$t2WxHf5IsdAKOzyv3YnrHuGWNXGuPes.Ycoc5YITYPCBizdB7QI4O', '', NULL, '2024-11-03 19:08:05', '2024-12-04 19:49:01', 1, 32, 1),
(1064, 'T0928', 'Dadang Suhana', 'staff@smii.co.id', '$2y$12$guAUEaqisAZSQCVc9B6FCueYhDZc3t4OgzN4Ykbnv5s8zLiLhhI3C', '', NULL, '2024-11-03 19:08:05', '2024-11-03 19:08:05', 1, 32, 1),
(1065, 'T0929', 'Miplahudin', 'staff@smii.co.id', '$2y$12$yMNCI12u0/s3IFQShcsOd.1eEYLL9hbLqAFZftGtV5i9QNXhidlZS', '', NULL, '2024-11-03 19:08:06', '2024-12-04 19:56:39', 1, 32, 1),
(1066, 'V0973', 'Andi Irawan', 'staff@smii.co.id', '$2y$12$w9jkfjhMoygylLcp1HOgveJNMYueT6aD15NlTLkjFuJsHhRSVcJBy', '', NULL, '2024-11-03 19:08:06', '2024-12-04 18:56:01', 1, 32, 1),
(1067, 'V0980', 'M. Yusuf M', 'staff@smii.co.id', '$2y$12$GzUacOhyClaMN7qqViwOAe4BiUv44N42QYmV/vHi3Nv8PsdLW2bn.', '', NULL, '2024-11-03 19:08:06', '2024-12-04 20:01:55', 1, 32, 1),
(1068, 'Y1051', 'Erik Zulhikman', 'staff@smii.co.id', '$2y$12$XOq2n3ZpGtWK307KAuArseMGjDdgVQslAMjbHXX5dsDrdiQs8bJHa', '', NULL, '2024-11-03 19:08:06', '2024-12-04 19:37:22', 1, 32, 1),
(1069, 'Z1077', 'Mulyadi', 'staff@smii.co.id', '$2y$12$6lycDub38B9r7CdvyBmygO5SjEsyfWA7VjYRbOlOei5RKCoUswBzu', '', NULL, '2024-11-03 19:08:06', '2024-12-04 20:09:05', 1, 32, 1),
(1070, 'AC1189', 'Yogi Dimas Jaya', 'staff@smii.co.id', '$2y$12$otZT7fZrjBn0.DYubm21m..DrITGDGHbdopW7l5mZjJHtkminjmRG', '', NULL, '2024-11-03 19:08:07', '2024-12-04 20:07:42', 1, 32, 1),
(1071, 'AG1324', 'Robi Mardi', 'staff@smii.co.id', '$2y$12$Jkz1Za.jkjEQSr5Ohel4bO0p7Hq7ioB5JCZZnEp3F10zd.dPXpczq', '', NULL, '2024-11-03 19:08:07', '2024-12-04 20:09:54', 1, 32, 1),
(1072, 'AG1328', 'Dias Putra Darmawan', 'staff@smii.co.id', '$2y$12$LtmipK9oknOqwNpuYkGmreJj5xD1MBkt25AOmqFc1Gss7LMjpXDie', '', NULL, '2024-11-03 19:08:07', '2024-12-04 19:27:25', 1, 32, 1),
(1073, 'AG1329', 'Muhammad Rizki', 'staff@smii.co.id', '$2y$12$O6hUoGcg.UxkobZ.SUJgwe9ojfWNqafVMSOgsRqRs0HoBrhTrJaV.', '', NULL, '2024-11-03 19:08:07', '2024-12-04 20:10:41', 1, 32, 1),
(1074, 'B0281', 'Syaiful Amri', 'staff@smii.co.id', '$2y$12$02m5NqJu8vbMg/YcL8/82eK9uz8Oi4.eaHlWaluLr4hQiJk2bSrDq', '', NULL, '2024-11-03 19:08:08', '2024-12-04 20:11:37', 1, 32, 1),
(1075, 'E0528', 'Heru Untung  Noviantoro', 'staff@smii.co.id', '$2y$12$LNOyCBXO3W9R9LrBL0s.f.Uq2cIdzwFBrHFiP3Bq86uCzIBtSMwI6', '', NULL, '2024-11-03 19:08:08', '2024-12-04 19:50:12', 1, 32, 1),
(1076, 'AD1230', 'Muhamad Zen Mustofa', 'staff@smii.co.id', '$2y$12$5.6EukGNmwCk9PFjkzouju1fhOWOepALJiQmTbu42mjmI9ofsNEJC', '', NULL, '2024-11-03 19:08:08', '2024-12-04 20:13:31', 1, 32, 1),
(1077, 'AF1289', 'Aji Nur Wijayanto', 'staff@smii.co.id', '$2y$12$g/aK2v25UjNSPbIiiX1jNO5x9JxoPXrVOLExw7H86iTuLKNE8Nbkq', '', NULL, '2024-11-03 19:08:08', '2024-12-04 18:51:19', 1, 32, 1),
(1078, 'AG1325', 'Sokhihul islam', 'staff@smii.co.id', '$2y$12$NWTiLOYAjsdo3C12EZBp1OhpuJPoJbRatfBDjFyaKvTS7rzOddr.u', '', NULL, '2024-11-03 19:08:08', '2024-12-04 20:27:19', 1, 32, 1),
(1079, 'AD1214', 'Rainita Darmadi', 'staff@smii.co.id', '$2y$12$kKK41YlSCvrFeIXcLATUruR1vUUVK5wOj.7uC8ImcTTg73nDb7eNm', '', NULL, '2024-11-03 19:08:09', '2024-12-04 20:14:39', 2, 32, 10),
(1080, 'R0890', 'Bonny Regina Sandy', 'staff@smii.co.id', '$2y$12$TKkWsqSXZxHELAsodBZ9aOF7JC8vmaVT/KB5vbz9y0uvH.CpMbyTm', '', NULL, '2024-11-03 19:08:09', '2024-12-04 19:15:44', 2, 32, 10),
(1081, 'Y1045', 'Drajat Budiarto', 'staff@smii.co.id', '$2y$12$VAoidqDyIdRCzQxs3Q/OsuBb2LQxuIiPjQRHg41IBk.7rOfMSP7sW', '', NULL, '2024-11-03 19:08:09', '2024-12-04 19:32:41', 2, 32, 10),
(1082, 'I0718', 'Nanik Candra Cahyani', 'staff@smii.co.id', '$2y$12$y/W8hCeXIFpc8QsRFjroz.zmoJATyEnMU57HU0BgpXcbt8D10T202', '', NULL, '2024-11-03 19:08:09', '2024-12-04 20:15:26', 2, 32, 10),
(1083, 'I0722', 'Rita Rahayu', 'staff@smii.co.id', '$2y$12$eQR1B8V4abebMf75SBSI4OGsbbvmyp0.C3tocitP7hRVclbRYQHOa', '', NULL, '2024-11-03 19:08:09', '2024-12-04 20:16:30', 2, 32, 10),
(1084, 'P0854', 'Mirza Purnomo', 'staff@smii.co.id', '$2y$12$MOuO48TFLgKZFByq0DrSU.7BKKo4s1.BBt9YRgNpKUnZ7zcKr8tVS', '', NULL, '2024-11-03 19:08:10', '2024-12-04 20:09:40', 2, 32, 10),
(1085, 'U0946', 'Eko Kusmaryanto', 'staff@smii.co.id', '$2y$12$fNfHh8pHln1sqdI0litHuema7PskSekqTVcaclrsOUtx.3sQEMzGm', '', NULL, '2024-11-03 19:08:10', '2024-11-18 20:27:42', 2, 32, 10),
(1086, 'F0627', 'Moh. Riyad', 'staff@smii.co.id', '$2y$12$tTK/Z3JKEPMxFYQZXYBiBuga3PBU1nso9VaLELNw7/AnPcdSxkFXK', '', NULL, '2024-11-03 19:08:10', '2024-12-04 20:11:07', 2, 32, 10),
(1087, 'T0917', 'Vincensius Rezki', 'staff@smii.co.id', '$2y$12$Unu/eitU195fWoO9Lrb7EOwPvoCbu2IRdHcXbGmgU6W0SoI8ndfka', '', NULL, '2024-11-03 19:08:10', '2024-12-04 20:20:26', 2, 32, 10),
(1088, 'AB1151', 'Ratih Ayu Lestari', 'staff@smii.co.id', '$2y$12$bEozhlVgwtYLWmLHVuV95.JK.nCRjkQ8skv2ALWnHHi3mg2O7C5cC', '', NULL, '2024-11-03 19:08:11', '2024-12-04 20:28:26', 2, 32, 10),
(1089, 'AE1274', 'Shara Cahyanie', 'staff@smii.co.id', '$2y$12$S3rdkwGS4JBEtJ3im/bdLuC4HYArDz1KUtivCDu9hvsbVSBthSExO', '', NULL, '2024-11-03 19:08:11', '2024-12-04 20:18:31', 2, 32, 10),
(1090, 'Y1046', 'Achmad Suheri', 'staff@smii.co.id', '$2y$12$N1lVunKA0kRZ601Guy6TL.Gqy01f0ZvHYWJm8PV340pd2PJkIJY/G', '', NULL, '2024-11-03 19:08:11', '2024-12-04 18:39:24', 2, 32, 10),
(1091, 'AF1294', 'Tamara Julietta', 'staff@smii.co.id', '$2y$12$HQ.Nd5L04c8wAd.UgdWE8eJhbpHqlCWJoOdW73yTYauLadIA5k6tu', '', NULL, '2024-11-03 19:08:11', '2024-12-04 20:45:15', 2, 32, 11),
(1092, 'R0893', 'Intan Wulan Sari', 'staff@smii.co.id', '$2y$12$mzhJ9yjRRtaQ5.L9uCxHuesIP/L4cYyYGgoi/zu97/b7jm4/6X3LC', '', NULL, '2024-11-03 19:08:11', '2024-12-04 19:52:58', 2, 32, 11),
(1093, 'S0903', 'Nahrowi', 'staff@smii.co.id', '$2y$12$qCSLdg3LTS2Z3Kc2aXsNR.V1tLuTXn1gn..oo5EsDIE48kqj2mUCu', '', NULL, '2024-11-03 19:08:12', '2024-12-04 20:21:50', 2, 32, 11),
(1094, 'AF1306', 'Hilmy Fauzan', 'ga.site.service@smii.co.id', '$2y$12$8Y/3Xm82pdmNXd96EsgfsuaFbxzaU/L.9MC9fMyl/EwZZmexpCrEW', '', NULL, '2024-11-03 19:08:12', '2024-12-10 18:11:33', 2, 32, 11),
(1095, 'H0689', 'Suwanto', 'staff@smii.co.id', '$2y$12$TiK0zW7VYD1fd0lLEEiQhOsel2KyhVVADUTaqHTM0gFRfqXh0dgaK', '', NULL, '2024-11-03 19:08:12', '2024-12-04 20:39:49', 3, 32, 2),
(1096, 'K0782', 'Vitria Hartati', 'staff@smii.co.id', '$2y$12$dkgCVAxHFCEZpl852a/qLOFqJ1ZoqmSVhWz3/WymtqOj1c.yTZhAG', '', NULL, '2024-11-03 19:08:12', '2024-12-04 20:40:22', 3, 32, 2),
(1097, 'AG1335', 'Andina Nurmalia', 'staff@smii.co.id', '$2y$12$8tB/zKrN2VdHF1bqzbe9l.1RE8FrD0B8PGqwYfECTaRt8iLKHQLhK', '', NULL, '2024-11-03 19:08:12', '2024-12-04 18:57:07', 3, 32, 2),
(1098, 'AG1339', 'Gatot Widjanarko', 'staff@smii.co.id', '$2y$12$RZV7zCjrV4aDH.6L.jLC3uCqJ/BRh/5j.9MNg7RN.MdeJvl4zTFRe', '', NULL, '2024-11-03 19:08:13', '2024-12-04 19:41:36', 3, 32, 2),
(1099, 'E0499', 'Suparmanto', 'staff@smii.co.id', '$2y$12$mPvXNDR9vzm0YFvUZCNzxu9SoEjcxiiPRQOkrP.eVrkr3dR47UYRK', '', NULL, '2024-11-03 19:08:13', '2024-12-04 20:41:51', 3, 32, 2),
(1100, 'M0809', 'Herry Latif Pujianto', 'staff@smii.co.id', '$2y$12$0cY8qTVXXyAhcPZLmK1vyOIqvr..ZLb0JFvxXGZeuC/caRJ15y8O2', '', NULL, '2024-11-03 19:08:13', '2024-12-04 19:49:50', 3, 32, 2),
(1101, 'X1022', 'Murodih', 'staff@smii.co.id', '$2y$12$q9I613z.BtZyGiY0j/Tp5.Lci7TGm8XUg1crY2bcKHeW/05bzT2/a', '', NULL, '2024-11-03 19:08:13', '2024-12-04 20:19:45', 3, 32, 2),
(1102, 'AG1345', 'Billy Fernando Pasaribu', 'staff@smii.co.id', '$2y$12$1PXdtM4jWd4JacTAFuN2Vu7m6uVfLAmePdKHIqecc/LEM4tB8weie', '', NULL, '2024-11-03 19:08:14', '2024-12-04 19:15:24', 5, 32, 12),
(1103, 'AE1258', 'Maria Uli Fransisca', 'staff@smii.co.id', '$2y$12$Wfnoiz/Y7bQsDiCwxdl0fO8TLptYCovzElQMSlLnlm8SdGj8He1/O', 'AE1258.jpg', NULL, '2024-11-03 19:08:14', '2025-01-01 18:20:42', 5, 32, 12),
(1104, 'U0958', 'Sri Cahyani Dwi Anggoro', 'sri.cahyani@smii.co.id', '$2y$12$WI2EGp8u00GGU10e6MEADOrt4qhysGbzdc09mjJ3ebGIIJjioJqDq', '', NULL, '2024-11-03 19:08:14', '2024-12-23 22:57:06', 7, 24, 13),
(1105, 'U0950', 'Rofika', 'staff@smii.co.id', '$2y$12$uReJr4txIWEOlagNQLtN5.ZshjFh8SgQaCpMYE3DW9c0X9CLHiHWO', '', NULL, '2024-11-03 19:08:14', '2024-12-04 20:30:34', 7, 32, 13),
(1106, 'W1011', 'Mufti Allutfi', 'staff@smii.co.id', '$2y$12$94cxFE3BTj0mla9/j9WuJ.sw5TgU13.JPk3WvZI..DbbGrN/Lwpau', '', NULL, '2024-11-03 19:08:14', '2024-12-04 20:14:16', 7, 32, 13),
(1107, 'AD1231', 'Dinur Yuwidiyanto', 'staff@smii.co.id', '$2y$12$J2s9gmJn7D7mz95nNUJssuHAZ9RJqtAi0Ifl2luLFpzwsQ3na7ahG', '', NULL, '2024-11-03 19:08:15', '2024-12-04 19:31:31', 7, 32, 13),
(1108, 'AB1128', 'Rianto Wibisono', 'staff@smii.co.id', '$2y$12$R5wkEs/q2zhMGzRepDssOe.L5Guex47FWORSCzhPmNsJFRlFrf7Zq', '', NULL, '2024-11-03 19:08:15', '2024-12-04 20:29:39', 7, 32, 13),
(1109, 'AE1249', 'An Nisaa Catur Pekerti', 'nisaa.pekerti@smii.co.id', '$2y$12$g4yTRQuu4Rm4B4Uq12fYQeQRBtUtOGfQcnqIDsNVZtQ3g6l6aw6SK', '', NULL, '2024-11-03 19:08:15', '2024-12-10 01:44:08', 7, 32, 13),
(1110, 'AF1304', 'Amy Rhetorica', 'staff@smii.co.id', '$2y$12$0SD8D5mgNcL7k8RdkH70T.L6CcvL26dzlxXm9eTrbhFT832k2LybS', '', NULL, '2024-11-03 19:08:15', '2024-12-04 18:54:38', 7, 32, 13),
(1111, 'Q0872', 'Novalina Saragih', 'staff@smii.co.id', '$2y$12$GVlDekhc4.LWzng9V5Z.zeS0dhry7qyP/1eB1KrDx6F7hRaHfnZeC', '', NULL, '2024-11-03 19:08:15', '2024-12-04 20:23:22', 7, 32, 14),
(1112, 'AB1149', 'Natasha Tachjadi', 'staff@smii.co.id', '$2y$12$CDW5/i3PJ0EeFIIcxJlOX.QDTHbOH7QCygKQ3zIUI9ezRhB5RV7Li', '', NULL, '2024-11-03 19:08:16', '2024-12-04 20:22:16', 7, 32, 14),
(1113, 'U0947', 'Sangudin', 'sangudin@smii.co.id', '$2y$12$1wByOrnEfJ2lixyOpeCrh.Jfos0t1.CiXtPVNrqYkKoob1Ke17L4K', '', NULL, '2024-11-03 19:08:16', '2024-12-04 18:32:17', 8, 32, 15),
(1114, 'C0393', 'Gusriyanto', 'staff@smii.co.id', '$2y$12$Mku6pX8GNG5q5Cj/nkxpUuZSvxw5py6NrKhhdq2OhH.5zM7n8xl1i', '', NULL, '2024-11-03 19:08:16', '2024-11-03 19:08:16', 8, 32, 15),
(1115, 'G0639', 'Achmad Saefudin', 'staff@smii.co.id', '$2y$12$6TjMZdwEIHQgia0fT2uQo.h07I5zq0ReH87l/cFDZrpqsT/8y8qb.', '', NULL, '2024-11-03 19:08:16', '2024-12-04 18:37:40', 8, 32, 15),
(1116, 'AD1241', 'Prio Pambudi', 'staff@smii.co.id', '$2y$12$.3Am9DT5Uy7IdqU4Lf.Dmur2y/rlY.NZodNvHC51W3AI6Gyy0IjlG', '', NULL, '2024-11-03 19:08:17', '2024-12-04 20:27:36', 8, 32, 15),
(1117, 'F0585', 'Rito\'at', 'staff@smii.co.id', '$2y$12$gQscIgiA.LNfdRFMMIf0/Ofm9RnaHrPUqAlk9rDoo45GufSpbF2A2', '', NULL, '2024-11-03 19:08:17', '2024-11-03 19:08:17', 8, 32, 15),
(1118, 'J0742', 'Nurul Firdaus', 'staff@smii.co.id', '$2y$12$ai8Zjz4uvMbqNBSPIvt/2e6kivIouRP94PESE1QuPJfjah0IKd85e', '', NULL, '2024-11-03 19:08:17', '2024-11-03 19:08:17', 8, 32, 15),
(1119, 'W0999', 'Linia Maulina Sari', 'staff@smii.co.id', '$2y$12$ERplHXBQd4es5Mcx8hO69.9TVdprdYPlvSDqdmApcWTpytt9nJR1C', '', NULL, '2024-11-03 19:08:17', '2024-12-04 20:00:38', 8, 32, 15),
(1120, 'C0297', 'Iyus Suhendar', 'staff@smii.co.id', '$2y$12$dHXs0170H/lG7dUTUrL/kO6WzHWoK.2rye/eeJUv.X6In2vbrallC', '', NULL, '2024-11-03 19:08:17', '2024-12-04 19:55:24', 8, 32, 15),
(1121, 'D0425', 'Mulud', 'staff@smii.co.id', '$2y$12$X/dskLlqcFWqCVMO0aZGL.rByomM3o4NqEavE5xQlb4K.7.TzK45a', '', NULL, '2024-11-03 19:08:18', '2024-12-04 20:18:51', 8, 32, 15),
(1122, 'D0480', 'Tumino', 'staff@smii.co.id', '$2y$12$m7m/562q./uEN7/mA9Smy.5q7vyJ5GIR5FvlDk86H5VSHZq7St7Y6', '', NULL, '2024-11-03 19:08:18', '2024-12-04 20:46:50', 8, 32, 15),
(1123, 'D0481', 'Tajudin', 'staff@smii.co.id', '$2y$12$QbpA7An5BeEbu5yKOdhJkeXSAu5qZAVNHTr2nwt5QxMjhYiiXq0YC', '', NULL, '2024-11-03 19:08:18', '2024-12-04 20:44:58', 8, 32, 15),
(1124, 'G0632', 'Sumedi', 'staff@smii.co.id', '$2y$12$cr0tOWs196aSdpxzjAQbyO9bNMo8vA0FEfzE.IAukmO5p4rbTwZBq', '', NULL, '2024-11-03 19:08:18', '2024-12-04 20:40:34', 8, 32, 15),
(1125, 'J0732', 'Arif Rifa\'i', 'staff@smii.co.id', '$2y$12$1LAFqpxQXkjTp7XaXbOdLeaNJyn.bJHOFndnyvDkdKlTKCKPZT7Fe', '', NULL, '2024-11-03 19:08:19', '2024-12-04 19:09:22', 8, 32, 15),
(1126, 'L0793', 'Mustakim', 'staff@smii.co.id', '$2y$12$4Gw7Z4zDDpBFFEKrg/Wt3.BQpz.ve4h037F//rUQRP3QaiEoXJZXW', '', NULL, '2024-11-03 19:08:19', '2024-11-03 19:08:19', 8, 32, 15),
(1127, 'Y1040', 'Lukman Hakim', 'staff@smii.co.id', '$2y$12$WSPQljxAfrItsRSLQGam9uClV5FUN5Mtx9ERMUqhyX2H2JaKf7cP6', '', NULL, '2024-11-03 19:08:19', '2024-12-04 20:01:11', 8, 32, 15),
(1128, 'Z1072', 'Aris Suhariyanto', 'staff@smii.co.id', '$2y$12$84WqKoxyp1NdSMz1TXcbJO9AbMTS1VkpYAKHAA.wFPHv.it7ugHqG', '', NULL, '2024-11-03 19:08:19', '2024-12-04 19:10:32', 8, 32, 15),
(1129, 'AB1153', 'Sulaeman', 'staff@smii.co.id', '$2y$12$IRkDq6YyG6x68Jv4PgsIYO9Rdn3wkSoUsKr14W7QHfFPyPsoTD7Xe', '', NULL, '2024-11-03 19:08:19', '2024-12-04 20:38:56', 8, 32, 15),
(1130, 'AC1195', 'Bayu Wahyudin', 'staff@smii.co.id', '$2y$12$IVDaAynoHFEXyGgjTSqfhuzcIP68kdAQ5aY/IsBQnbyDISRzi8jt6', '', NULL, '2024-11-03 19:08:20', '2024-11-03 19:08:20', 8, 32, 15),
(1131, 'AD1211', 'Erfan Hermawan', 'staff@smii.co.id', '$2y$12$XtvHjmC9XY5lIl7nw97qoOiLhwurpyWeDX6WOJu4FXvbkeE.EWFvK', '', NULL, '2024-11-03 19:08:20', '2024-11-03 19:08:20', 8, 32, 15),
(1132, 'AD1218', 'Tri Ariyanto', 'staff@smii.co.id', '$2y$12$rMxOAXZM6XnTDnT8EzvHEuKCA0WUBebrrRVT6QBuF30SgIHEVSMu6', '', NULL, '2024-11-03 19:08:20', '2024-12-04 20:46:16', 8, 32, 15),
(1133, 'AD1221', 'M. Anwar Fuadi', 'staff@smii.co.id', '$2y$12$n1ExuMxWzpxMW0xu6ca0MuTGxm.MyiNVurCL79EHv1ySUAz66o1Ly', '', NULL, '2024-11-03 19:08:20', '2024-12-04 20:01:28', 8, 32, 15),
(1134, 'AD1222', 'Zaenal Abidin', 'staff@smii.co.id', '$2y$12$tresTg9j4Coyh5ET60bDm.kyHQ4eiccuq55kKY2aoKi36We0xqlYm', '', NULL, '2024-11-03 19:08:20', '2024-12-04 20:49:18', 8, 32, 15),
(1135, 'AD1229', 'Marsono', 'staff@smii.co.id', '$2y$12$iTzbPj2UFqcihx08ZyG0oOL9zsi2vOmHdEvoylOCTiDp3nVdFINxW', '', NULL, '2024-11-03 19:08:21', '2024-12-04 20:06:41', 8, 32, 15),
(1136, 'AD1232', 'Irsan Rifqi', 'staff@smii.co.id', '$2y$12$BPA/PwtM8ORctx4wZniEKub8J4efe0OFa.ZCYAxgnymfuogxf6XLm', '', NULL, '2024-11-03 19:08:21', '2024-12-04 19:54:18', 8, 32, 15),
(1137, 'AE1250', 'Joko Triwibowo', 'staff@smii.co.id', '$2y$12$hfxKZw/P4gby0i6DGvPK7u8QYS9ORUi6OjShl2RxNLd81zSPXxSFG', '', NULL, '2024-11-03 19:08:21', '2024-12-04 19:56:40', 8, 32, 15),
(1138, 'AF1284', 'Abul Basri', 'staff@smii.co.id', '$2y$12$y7udD.2cZQJm2SyiJrosbO21JMNmBL4hJFBnZHMZbunDDndHSpc7C', '', NULL, '2024-11-03 19:08:21', '2024-12-04 18:36:45', 8, 32, 15),
(1139, 'AG1347', 'Aan Kurniawan', 'staff@smii.co.id', '$2y$12$TWrBmK1uEC4JiV1IXrjenexp5oFB.pulFVgjRGR.symPGzZsqK332', '', NULL, '2024-11-03 19:08:22', '2024-12-04 18:36:20', 8, 32, 15),
(1140, 'AG1349', 'Azzi Muhamad Gustian', 'staff@smii.co.id', '$2y$12$TlIhAIHTwg0ZD2KQyZ1LdOOIt7RksaX9iLvCh25IUyCuhsWzWsY02', '', NULL, '2024-11-03 19:08:22', '2024-12-04 19:12:20', 8, 32, 15),
(1141, 'U0960', 'Ali Ridho', 'ali.ridho@smii.co.id', '$2y$12$774QzPxwZrAxj7HaLHIcYuu9YS405aXIJjI/08pkEzBjZbWkGNDyy', '', NULL, '2024-11-03 19:08:22', '2024-12-25 18:58:09', 8, 32, 19),
(1142, 'Z1078', 'Ibnu Ubaedillah', 'staff@smii.co.id', '$2y$12$PEq8pQDUc9SMMq0jcjdot.ZYzbczjyE2kl0jczJ29NR9jrc.biafS', '', NULL, '2024-11-03 19:08:22', '2024-12-04 19:51:34', 8, 32, 15),
(1143, 'A0192', 'Haryanto Makmoer', 'staff@smii.co.id', '$2y$12$y6ufBoDoz4K6Qcm8Aw0N5e0FHLDoa76TgV8XRgcO6EkZsnO9ATdKi', '', NULL, '2024-11-03 19:08:22', '2024-12-04 19:44:11', 7, 32, 16),
(1144, 'AG1337', 'George Novaro Tarigan', 'staff@smii.co.id', '$2y$12$ME8Fr1GJYTtBSaIinghpLOxruhEB9r4bBsqoN1WUNiPTOT62kvJxC', '', NULL, '2024-11-03 19:08:23', '2024-12-04 19:42:16', 7, 32, 16),
(1145, 'W1005', 'Yovi Susanti', 'staff@smii.co.id', '$2y$12$sG/IxjYfDdWFd8aieugED.f9Dy6yxnpgeItLYvYCvb68V0BVkR9VK', '', NULL, '2024-11-03 19:08:23', '2024-12-04 20:42:08', 7, 32, 16),
(1146, 'AG1313', 'Gabriella Stephanie Gultom', 'staff@smii.co.id', '$2y$12$eiGiVVA.3hueQ2re1.hHdO5UWDNs8F6dg.YH9XOK0HfPAjngJZelG', '', NULL, '2024-11-03 19:08:23', '2024-12-10 02:19:36', 7, 32, 16),
(1147, 'AE1268', 'Dinah Dzakiyyah Rasikhah', 'dinah.rasikhah@smii.co.id', '$2y$12$8.ORnomNJQLK.tw2d5h7SeFsBCGtqO5JkhJZ7I1RyYM6ZnmKlKRM.', 'AE1268.jpeg', NULL, '2024-11-03 19:08:23', '2024-12-24 05:35:44', 7, 32, 16),
(1148, 'AD1228', 'Kelfin Alamanda', 'staff@smii.co.id', '$2y$12$WlRcUs5as7.pMUxVLK4WQeYwgyNOKwUHjnHWXsTKQ.C77QBNgQ2Q2', '', NULL, '2024-11-03 19:08:23', '2024-12-04 19:58:32', 7, 32, 16),
(1149, 'C0291', 'Sari Widodo', 'staff@smii.co.id', '$2y$12$FjPe21iItgB94TWZ2M5N1.r7GN2ouXkP1.5HlzRZrN4n1ykxlx7Bu', '', NULL, '2024-11-03 19:08:24', '2024-12-04 20:31:22', 4, 32, 17),
(1150, 'D0432', 'Kurnaen', 'staff@smii.co.id', '$2y$12$UpviSmbnf5laq/.lId8Tf.YcDtIjY/O0RVb.twvQ45/Pgsv2p037a', '', NULL, '2024-11-03 19:08:24', '2024-12-04 19:59:23', 4, 32, 17),
(1151, 'E0506', 'Anda Lumban Tobing', 'staff@smii.co.id', '$2y$12$1WimaRingDmCEyVKKibMr.dak3t.UpSs/sPWOwj1xDgz9eEe9yxxq', '', NULL, '2024-11-03 19:08:24', '2024-12-04 18:55:34', 4, 32, 17),
(1152, 'E0518', 'Gentur Budhiman', 'staff@smii.co.id', '$2y$12$IdDcKia9t0SelkM747FQOOJd2x43WEWWYD/vkKUS.zfx8sd/J8xt2', '', NULL, '2024-11-03 19:08:24', '2024-12-04 19:41:55', 4, 32, 17),
(1153, 'E0521', 'Muh. Asyrofi', 'staff@smii.co.id', '$2y$12$7OODedOuT2OAVfLxZejNDuG/TBJGnAtmqcGO.KtP7Hn/1cts7lBzy', '', NULL, '2024-11-03 19:08:25', '2024-11-03 19:08:25', 4, 32, 17),
(1154, 'E0522', 'Sugi Hartanto', 'staff@smii.co.id', '$2y$12$/A8q/cNJooXcSw0ccG6.UOIqNa1H3kz1Biaj34hlq/sMOJbjSmwF.', '', NULL, '2024-11-03 19:08:25', '2024-12-04 20:37:57', 4, 32, 17),
(1155, 'E0524', 'Agus Sumardi', 'staff@smii.co.id', '$2y$12$aAWVoZJXuiPMLZisdXdne.ZFZpyUpmdlgGtRFFSn66lay7Radf/X.', '', NULL, '2024-11-03 19:08:25', '2024-12-04 18:44:28', 4, 32, 17),
(1156, 'E0540', 'Paryono', 'staff@smii.co.id', '$2y$12$6qljDVl5dZQAYmmUjmoA8eNSCCPr2LKubC9iFwJ3VdMQm.GtHj8fC', '', NULL, '2024-11-03 19:08:25', '2024-12-04 20:27:10', 4, 32, 17),
(1157, 'H0680', 'Sudiono', 'staff@smii.co.id', '$2y$12$CZIYFU72BJk9JM4QYgm6SeVe0i7SzMvk3pXLOM9Ld9C86D//SvoRe', '', NULL, '2024-11-03 19:08:25', '2024-12-04 20:37:27', 4, 32, 17),
(1158, 'A0063', 'Sunardi', 'staff@smii.co.id', '$2y$12$8sSoM2gyt3mNOq.xtYZgfObNGW6W3toj4shPO6uWYKcErYPUTeP1i', '', NULL, '2024-11-03 19:08:26', '2024-12-04 20:40:50', 4, 32, 17),
(1159, 'A0066', 'Warno', 'staff@smii.co.id', '$2y$12$9jgwnWFK32TQwePWX/mTDOBFhPGrSUEtzfI0UYvb6LtnwG99H55aW', '', NULL, '2024-11-03 19:08:26', '2024-11-03 19:08:26', 4, 32, 17),
(1160, 'B0222', 'Urip', 'staff@smii.co.id', '$2y$12$FiXt4pa4QeKNwQ/OMrWAh.FYp7MTRuf6xtKsIaBGddF4hZauvUKpW', '', NULL, '2024-11-03 19:08:26', '2024-12-04 20:43:32', 4, 32, 17),
(1161, 'C0314', 'Sultan Agung', 'staff@smii.co.id', '$2y$12$gq/WXaTkUEGzCTFHirudju5szhKe4QRLaLgeBMAn3CN02qTf8xCPu', '', NULL, '2024-11-03 19:08:26', '2024-12-04 20:39:27', 4, 32, 17),
(1162, 'C0315', 'Iman Agus Permana', 'staff@smii.co.id', '$2y$12$J2rxkQ9Fs9Ajwt/ku0CgTOFozvF7sgawfn2OSt5BSvkJNx2D8Hgua', '', NULL, '2024-11-03 19:08:27', '2024-12-04 19:52:22', 4, 32, 17),
(1163, 'C0321', 'Wiyono', 'staff@smii.co.id', '$2y$12$cByVEJ82YjDh3yfmLpfSVeAfKqtgtUAe/P6p/8PfSuOfX8LizvE.S', '', NULL, '2024-11-03 19:08:27', '2024-12-04 20:45:28', 4, 32, 17),
(1164, 'C0326', 'Marjuni Akbari', 'staff@smii.co.id', '$2y$12$4AcytMtp12Uw3RMwdupS2eWmz6Hbaak4xxqszCjH71K11WMDayGGO', '', NULL, '2024-11-03 19:08:27', '2024-12-04 20:04:33', 4, 32, 17),
(1165, 'C0332', 'Sumarto', 'staff@smii.co.id', '$2y$12$Ej1mmMYZQYGlsBxuTFTORuxhszWRolXr2pv9BdaDPP2t/1l/BDJ7i', '', NULL, '2024-11-03 19:08:27', '2024-12-04 20:37:32', 4, 32, 17),
(1166, 'C0334', 'Suparman', 'staff@smii.co.id', '$2y$12$m0Bt3turxOyUHpnaNlSMFu1kZiy35yjmTQ2D5xha/V967iE1Iuyrm', '', NULL, '2024-11-03 19:08:27', '2024-12-04 20:41:15', 4, 32, 17),
(1167, 'C0360', 'Cecep Supriadi', 'staff@smii.co.id', '$2y$12$vBZPXNCsjW1qMRiTUbHPGO0vHeA2lPgVsU40r9hlzcQiNq8ahHKhy', '', NULL, '2024-11-03 19:08:28', '2024-12-04 19:23:30', 4, 32, 17),
(1168, 'C0414', 'Mujianto', 'staff@smii.co.id', '$2y$12$1wOiZ1xppbTmfrGL/CkJo.Z5Ew9BcjIV1FyrA6sOkpFdQ.6apmjEW', '', NULL, '2024-11-03 19:08:28', '2024-12-04 20:17:36', 4, 32, 17),
(1169, 'D0470', 'Sujarwo', 'staff@smii.co.id', '$2y$12$QfvE/yj0umFCRxvV1OJBVe7lJ5QdmjBuYXkMNbKZaTeJnpafMPxbi', '', NULL, '2024-11-03 19:08:28', '2024-11-03 19:08:28', 4, 32, 17),
(1170, 'D0471', 'Za\'far Aziz  Budy Andhi', 'staff@smii.co.id', '$2y$12$mwfQkDqDwp8G05cpxZMbYe1mMckliufZNxC8qWvNi/SdEX6.zVmF6', '', NULL, '2024-11-03 19:08:28', '2024-12-04 20:45:22', 4, 32, 17),
(1171, 'E0512', 'Sukamto', 'staff@smii.co.id', '$2y$12$wwoVQps4yeOgP5XLtZTPpetzO1Pr41x3qhLr/DMDYb9HRPwjlN.tK', '', NULL, '2024-11-03 19:08:28', '2024-12-04 20:38:34', 4, 32, 17),
(1172, 'E0519', 'Tito Sumantri', 'staff@smii.co.id', '$2y$12$J3Lx6OLQJPUygheiakZORuaEpgZzOjQFjk8boAoEVdSYrpCmJJJDS', '', NULL, '2024-11-03 19:08:29', '2024-12-04 20:44:41', 4, 32, 17),
(1173, 'E0552', 'Ani Saryanto', 'staff@smii.co.id', '$2y$12$SuRbqvMB9uKY4eYLK4EqWu8oW2m51xGO9pyUgocZ6X0oOPi90F4M2', '', NULL, '2024-11-03 19:08:29', '2024-12-04 19:04:53', 4, 32, 17),
(1174, 'E0554', 'Yudi Supriadi', 'staff@smii.co.id', '$2y$12$z9qwIm3c2Xq65WR9vywvKulrH4.16bmMDGQoR5AD40uKZXGDW4vBG', '', NULL, '2024-11-03 19:08:29', '2024-12-04 20:44:06', 4, 32, 17),
(1175, 'E0557', 'Harbin Tambunan', 'staff@smii.co.id', '$2y$12$rgiWIO6DlD9rlBIpNXLsReEcQ.3Ivq5oUTkuiYuN55FtgyA4yCaRq', '', NULL, '2024-11-03 19:08:29', '2024-12-04 19:43:05', 4, 32, 17),
(1176, 'F0604', 'Kuwatno', 'staff@smii.co.id', '$2y$12$lFOt45p4HEKF7mE2ReNeNuHToCIjZCXIXEllktLCLyIoj.xqvxl0a', '', NULL, '2024-11-03 19:08:30', '2024-12-04 19:59:44', 4, 32, 17),
(1177, 'G0640', 'Yudi Windarto', 'staff@smii.co.id', '$2y$12$xlrbrlklthb86FR8ja7Q5e043J2HzgEiFOsRlCRMrpc0HeXFyZwni', '', NULL, '2024-11-03 19:08:30', '2024-11-03 19:08:30', 4, 32, 17),
(1178, 'G0642', 'Priyadi Setiawan', 'staff@smii.co.id', '$2y$12$/m7utSIlj9u/TMIDFrH3Ru1FH5f4CTucjYa5L3e6YHRYeXLT4Nm/y', '', NULL, '2024-11-03 19:08:30', '2024-12-04 20:27:58', 4, 32, 17),
(1179, 'G0643', 'Suyono', 'staff@smii.co.id', '$2y$12$jLGJOLruA8YqgfTiQOiaGen./GlPMTO0Bpfzi0kJBgrLVi7O.hswK', '', NULL, '2024-11-03 19:08:30', '2024-12-04 20:43:44', 4, 32, 17),
(1180, 'G0648', 'Kartono', 'staff@smii.co.id', '$2y$12$oLZfQ1TJi64IVfnzUZvjDe4iYfwzzBINvl.091xfIClmHmOIf/U/m', '', NULL, '2024-11-03 19:08:30', '2024-12-04 19:58:08', 4, 32, 17),
(1181, 'G0655', 'Ali Imron', 'staff@smii.co.id', '$2y$12$z2ZLo.IDBjd1gbHmB9.aludBlrZaUlVjl13wC2mydbxm3wgnHiLvG', '', NULL, '2024-11-03 19:08:31', '2024-12-04 18:53:07', 4, 32, 17),
(1182, 'H0684', 'Dwi Haryanto', 'staff@smii.co.id', '$2y$12$Xw6H/ETI4KKav98n6HBGZuwMVHtv7av94jA4CXymjtI4rUqDRnNwa', '', NULL, '2024-11-03 19:08:31', '2024-12-04 19:33:07', 4, 32, 17),
(1183, 'H0702', 'Agus Soleh', 'staff@smii.co.id', '$2y$12$IO3BrqIWMXTPBeTt3WpX3efrEJ1anpU.ZqBdruQ9slDInCiXzXGee', '', NULL, '2024-11-03 19:08:31', '2024-12-04 18:42:34', 4, 32, 17),
(1184, 'H0705', 'Sumantri', 'staff@smii.co.id', '$2y$12$SL4PrTne5q/86PoQRS2ageOEEpfMrT/UVIRTFWm/P8E8PB5qAn0SS', '', NULL, '2024-11-03 19:08:31', '2024-12-04 20:40:08', 4, 32, 17),
(1185, 'I0713', 'Muhgofal', 'staff@smii.co.id', '$2y$12$p4KRGv4tVjAyCZjhLN3G/ely1A/c1WU7ggQ7wf8DstkdlHF3tLGdO', '', NULL, '2024-11-03 19:08:31', '2024-12-04 20:16:29', 4, 32, 17),
(1186, 'I0725', 'Endang Wijaya', 'staff@smii.co.id', '$2y$12$EZXJzKe4BYb0yj0rzSfX7OuOLxQ1DDMBE.OF6JlLyd2kt0XsoZU9a', '', NULL, '2024-11-03 19:08:32', '2024-12-04 19:36:46', 4, 32, 17),
(1187, 'J0754', 'Slamet Susanto', 'staff@smii.co.id', '$2y$12$BhOyozlwBj2nJuq7cZ9osOnuNg0Tt9fikZg0xU3Wc7OjgIohFRuwC', '', NULL, '2024-11-03 19:08:32', '2024-12-04 20:33:23', 4, 32, 17),
(1188, 'J0755', 'Hary Supriyatna', 'staff@smii.co.id', '$2y$12$4duINmSky96A0U/TsyzG0e92JSgaN0KxfRnR6x9nFqX9qqnuhKV4m', '', NULL, '2024-11-03 19:08:32', '2024-12-04 19:43:43', 4, 32, 17),
(1189, 'C0295', 'Sartono', 'staff@smii.co.id', '$2y$12$KD3P3Ae573jCV.3qn8lT9edffT4H8MSB17G5ZYj4AdDaM7ctYcRgm', '', NULL, '2024-11-03 19:08:32', '2024-12-04 20:32:10', 4, 32, 17),
(1190, 'C0296', 'Sarimin', 'staff@smii.co.id', '$2y$12$uoHgd7Y1GPlt5wExTRLKoe95GW1bPXqPSMFXG7roowAGR0w.fB6rS', '', NULL, '2024-11-03 19:08:33', '2024-12-04 20:31:38', 4, 32, 17),
(1191, 'D0456', 'Ahmad Zeli', 'staff@smii.co.id', '$2y$12$2paIIULud3/SGdTAJ88ye.hz1B/bGsTL5YXvj5Abhd/PD8H2X6/5O', '', NULL, '2024-11-03 19:08:33', '2024-12-04 18:50:04', 4, 32, 17),
(1192, 'Z1066', 'Muslih', 'staff@smii.co.id', '$2y$12$/cGrvhwUTsZoxP7h9MhJTuXHFImap2xzUk9lVkARNe0YJdc7ulkte', '', NULL, '2024-11-03 19:08:33', '2024-12-04 20:20:12', 4, 32, 17),
(1193, 'AB1142', 'Andi Wijaya', 'staff@smii.co.id', '$2y$12$BIrsC6vIubvFhE3K5Sr0bOEhvQbDM3UUzfhV5esbV78s7XpvYlf1K', '', NULL, '2024-11-03 19:08:33', '2024-11-03 19:08:33', 4, 32, 17),
(1194, 'AB1143', 'Marzuki', 'staff@smii.co.id', '$2y$12$uLqtRPjy16LNqPJ11jejF.YlxoSn6l5CapfyawR4P7vC7GWM9q1hS', '', NULL, '2024-11-03 19:08:33', '2024-12-04 20:07:46', 4, 32, 17),
(1195, 'AC1178', 'Hamzah', 'staff@smii.co.id', '$2y$12$3GI.GnBr4N.99oBkaNYxUu9wIbdeD8Kx5rfOhjSIH0uYurnoJmRwG', '', NULL, '2024-11-03 19:08:34', '2024-12-04 19:42:46', 4, 32, 17),
(1196, 'AC1179', 'Ahmad Fauzi', 'staff@smii.co.id', '$2y$12$/nOG50flY.IxFn6CDM9UTu30hlcXUUEHriyGEdNtS8GxS6wQAC0W2', '', NULL, '2024-11-03 19:08:34', '2024-12-04 18:46:06', 4, 32, 17),
(1197, 'AC1180', 'Bagus Santoso', 'staff@smii.co.id', '$2y$12$8GqWUtJbo77gopaZUsgADOmnHR.vWb6UQd9r2T11dAWrKhzp2VGVm', '', NULL, '2024-11-03 19:08:34', '2024-12-04 19:14:58', 4, 32, 17),
(1198, 'AE1251', 'Muarif', 'staff@smii.co.id', '$2y$12$KGvJbcQ4u6Sps6zhrlkgrewBIyf2YJtCVUDmKjAI8pyepo32EcqTq', '', NULL, '2024-11-03 19:08:34', '2024-12-04 20:11:28', 4, 32, 17),
(1199, 'AE1252', 'Muhamad Sidik', 'staff@smii.co.id', '$2y$12$pnzEI1H9asKuBGevjUz2Le1ArT6GOGhXK3Zrhwk2u1msXBZ869ZYy', '', NULL, '2024-11-03 19:08:35', '2024-12-04 20:15:51', 4, 32, 17),
(1200, 'AE1253', 'Ahmad Danofan Rizki', 'staff@smii.co.id', '$2y$12$8xtGd/B4G7P.hxDMcoD3p.c2RwEwLRukylgtVuYbVYUR1OKwJx2Wa', '', NULL, '2024-11-03 19:08:35', '2024-12-04 18:45:09', 4, 32, 17),
(1201, 'AG1342', 'Raharjo pecikos dyah sutondo', 'staff@smii.co.id', '$2y$12$Zazmmjece1UqM/aGTF6XseWoGgJEPq9AerNZUqDcHlDIhhwkxeBim', '', NULL, '2024-11-03 19:08:35', '2024-12-04 20:28:48', 4, 32, 17),
(1202, 'D0453', 'Soleman Lungan', 'staff@smii.co.id', '$2y$12$CE2DvvV01FS26J/6MibDqeKWw.2VPZtE3GfaJvRkHl.ogJOiD3i2W', '', NULL, '2024-11-03 19:08:35', '2024-12-04 20:33:58', 4, 32, 17),
(1203, 'D0468', 'Slamet Iswanto', 'staff@smii.co.id', '$2y$12$Y5ZwIs/BoviSxteKv0hAGu0XyRSgi3WHmoj6opMABkP6VWeUUZiUm', '', NULL, '2024-11-03 19:08:35', '2024-12-04 20:32:57', 4, 32, 17),
(1204, 'F0606', 'Wawan Sofyan', 'staff@smii.co.id', '$2y$12$mjE94oAL07EeQZDylXO9GeaeJf04gHA3zODMJoFj2phV/WffGOeUS', '', NULL, '2024-11-03 19:08:36', '2024-11-03 19:08:36', 4, 32, 17),
(1205, 'H0686', 'Agus Slamet Riyadi', 'staff@smii.co.id', '$2y$12$MlD23xk7iMnoHWdHRR600O/hBgAB7xq8az7RcRWQYN6yQjqFfT7p.', '', NULL, '2024-11-03 19:08:36', '2024-12-10 09:36:19', 4, 32, 17),
(1206, 'AD1227', 'Andika Suhendar', 'andika.suhendar@smii.co.id', '$2y$12$7NunYrYsgClhjKmMChfAR.QA5nyBJetbp8hELqGiCiHLCe.EEJkJy', 'AD1227.jpg', NULL, '2024-11-03 19:08:36', '2025-01-02 20:43:32', 2, 32, 18),
(1207, 'AE1244', 'Samuel David Christoper', 'samuel.christoper@smii.co.id', '$2y$12$.juZELwbUr1Hc.UHNa0LiuS84ycQ5nHqrlK3XSF0JLyBRU76NvBJ.', 'AE1244.png', NULL, '2024-11-03 19:08:36', '2024-12-20 00:19:36', 2, 32, 18),
(1209, 'U0942', 'Muchammad Arif Fathoni', 'arif.fathoni@smii.co.id', '$2y$12$DQ5BUqx2H6VDUNhy7WLj6uqKcdiwffSC8tWXoxtkn9oZKFGgn5y6i', '', NULL, '2024-11-03 19:08:37', '2024-12-04 18:31:43', 8, 32, 19),
(1210, 'F0569', 'Yudha Satriya', 'staff@smii.co.id', '$2y$12$HZEolR09kFebRDrkLEf/N.gCBqoQ2AL.9aiPkrV9AH81yQTQdgVju', '', NULL, '2024-11-03 19:08:37', '2024-12-04 18:33:50', 8, 32, 19),
(1211, 'F0617', 'Irma Nurbayani', 'irma.nurbayani@smii.co.id', '$2y$12$KceNmA0xYdFVn3UOWD.vbeshaJv6tNyfuRDzE3v6Yi7ATv5JA0v6e', '', NULL, '2024-11-03 19:08:37', '2024-12-05 22:07:28', 8, 32, 19),
(1212, 'J0745', 'Irwan Setiawan', 'irwan.setiawan@smii.co.id', '$2y$12$1fDCOhCHfnhBVtCewV1kue43n5DVfMa8Xg55iBOzk/X9gsBuHepPS', '', NULL, '2024-11-03 19:08:37', '2024-12-20 07:44:36', 8, 32, 19),
(1213, 'T0934', 'Moh. Ainun Naim', 'ainun.naim@smii.co.id', '$2y$12$VMfh30YWBbzf8IPpzEOb7eevmHBPOAie6cUOQzXWQ/HHjjZENnNkS', 'T0934.jpg', NULL, '2024-11-03 19:08:38', '2024-12-10 00:49:04', 8, 32, 19),
(1214, 'Z1054', 'Juni Asliah Batubara', 'staff@smii.co.id', '$2y$12$47ImG8Z6LTsGwJB92rzoK.uEC8N0Av5Oh4GqrbHvcuSJ/lmOOMJBm', '', NULL, '2024-11-03 19:08:38', '2024-11-03 19:08:38', 8, 32, 19),
(1215, 'E0531', 'Rahman', 'staff@smii.co.id', '$2y$12$CpndBVgcmzpl/3pgBQlHdu34BDQVyKHkmqDRgaeKVH0CS37qkNokq', '', NULL, '2024-11-03 19:08:38', '2024-12-04 18:33:16', 8, 32, 4),
(1217, 'AF1305', 'Trie Widyaningsih', 'purchasing@smii.co.id', '$2y$12$Wf0qATqmnQ1OQGm9ZrGltukJDVDDkZF8mi./XEja994b4jliUdrW.', 'AF1305.jpeg', NULL, '2024-11-03 19:08:39', '2024-12-21 06:53:06', 8, 32, 4),
(1218, 'AG1336', 'Djamaludin', 'staff@smii.co.id', '$2y$12$HfcNqfSL3vIwIxslfVML4uTuxGr5NnZ51hrYrS/XbPBbhlDL4r5GK', '', NULL, '2024-11-03 19:08:39', '2024-11-03 19:08:39', 8, 32, 4),
(1219, 'AF1308', 'Millicent Songster', 'millicent.songster@smii.co.id', '$2y$12$g/npiPisu0zK87GWmqYHQ.UCO18ANrOUM2YoyRdKd0QawwwdxrKnm', 'AF1308.jfif', NULL, '2024-11-03 19:08:39', '2024-12-04 20:09:01', 5, 32, 20),
(1220, 'E0539', 'Lensiyani', 'staff@smii.co.id', '$2y$12$Hje/G2DOOMstL78mSnEmxePpe73DQYE1GNR0YGCtj9cSr.aYIh3ky', '', NULL, '2024-11-03 19:08:39', '2024-11-03 19:08:39', 5, 32, 20),
(1221, 'Z1068', 'Vania Deborauli Siregar', 'staff@smii.co.id', '$2y$12$W0ri55TAO46Z05IJ8FejPOHtS7bTDREF9KLGKoS18wCFC2HMm8GMy', '', NULL, '2024-11-03 19:08:39', '2024-12-04 20:40:51', 5, 32, 20),
(1222, 'W1003', 'FX Surya Budi Santosa', 'staff@smii.co.id', '$2y$12$0YQXsyEa9LMON34ApRJ6qOVkWMXze0VdilA0qpTHYnLbIqW20Dv2G', '', NULL, '2024-11-03 19:08:40', '2024-12-04 19:40:47', 5, 32, 20),
(1223, 'AF1296', 'Jeremy Louis Adisurya', 'staff@smii.co.id', '$2y$12$S5nHC0xuPIU9UYdY9JNxDuglmS5GZ4BYoFaEiMvV1lQv/uTTMD7OW', '', NULL, '2024-11-03 19:08:40', '2024-12-04 19:56:14', 5, 32, 20),
(1224, 'D0436', 'Edi Tri Maryanto', 'edi.trimaryanto@smii.co.id', '$2y$12$cOYrsfMki3M/ZAstndJ0iu6aO0csULoy7K36dQ2HgpDfl4JPO4azu', '', NULL, '2024-11-03 19:08:40', '2024-12-10 00:28:34', 5, 32, 21),
(1225, 'E0537', 'Edy Purwanto', 'staff@smii.co.id', '$2y$12$qcMp1.8gZKClWeYFeMI7RuvBCEJgyHyukaxKLyfOnIaGeuBXtq3eq', '', NULL, '2024-11-03 19:08:40', '2024-12-04 19:35:15', 5, 32, 21),
(1226, 'S0907', 'Dian Purwandaka', 'staff@smii.co.id', '$2y$12$V3rL8nVcjghP56mtadZtg.6wf052UaFURG38XGcxPjfHBCklpGB3e', '', NULL, '2024-11-03 19:08:40', '2024-12-04 19:29:27', 5, 32, 21),
(1227, 'T0922', 'Agus Sudarmaji', 'staff@smii.co.id', '$2y$12$HuOEFutgvTFkLaiQ4j.ci.5jYdFKEKAJckKpHVHxdCrFczKE.FQm.', '', NULL, '2024-11-03 19:08:41', '2024-12-04 18:43:33', 5, 32, 21),
(1228, 'T0923', 'Juli Hadiyanto', 'staff@smii.co.id', '$2y$12$LVRQrDpN3zJpxy/nwrqn2uSuA85J0slhA2NsSvxAS82sjW/3e54tC', '', NULL, '2024-11-03 19:08:41', '2024-11-03 19:08:41', 5, 32, 21),
(1229, 'U0938', 'Umar Wira Hadi Kusuma', 'staff@smii.co.id', '$2y$12$wsVNMsWNOwDZlK/kHM0fseqfP2RneKt6rgiA.ct9l5iaLe.fwQBF6', '', NULL, '2024-11-03 19:08:41', '2024-11-03 19:08:41', 5, 32, 21),
(1230, 'AG1348', 'Adiona Eka Saputra', 'staff@smii.co.id', '$2y$12$L2BiZR/e92/MvsbE7iEQGupAf53JW4SCeTbeOxkweiG74Wtn./r/G', '', NULL, '2024-11-03 19:08:41', '2024-12-04 18:40:36', 5, 32, 21),
(1231, 'AC1157', 'Dedy Yuda Tri Artanto', 'staff@smii.co.id', '$2y$12$yzTnmLZw/WDrvZm7d7/2Ru/YMy44zGFsn3l6m5um6mru.CcYehh0u', '', NULL, '2024-11-03 19:08:42', '2024-12-04 19:27:08', 5, 32, 21),
(1232, 'Q0881', 'Maria Muyarni', 'staff@smii.co.id', '$2y$12$BGQQkMuT3swj6g9mH0cV9OVnkwbIVFYP/ZwcJ/v3NcBYroITVd2Ee', '', NULL, '2024-11-03 19:08:42', '2024-12-04 20:20:52', 6, 32, 22),
(1233, 'U0939', 'Trancy Chandra', 'staff@smii.co.id', '$2y$12$ZgjUHv6M.mb3R33TNukeAeUAAv.AkucV74zRRGlm8A6ps9/StmZZ6', 'U0939.jpg', NULL, '2024-11-03 19:08:42', '2024-12-11 00:09:17', 6, 32, 22),
(1234, 'U0954', 'Suroto', 'suroto@smii.co.id', '$2y$12$0ftR5WdLSDTzk0Z0cGpY5OrsXG2w.43.nmnuWFXRhA4RefDsOF59u', '', NULL, '2024-11-03 19:08:42', '2024-12-04 20:40:06', 6, 32, 22),
(1235, 'AE1263', 'Irfan Raditya Hendraputra', 'irfan.raditya@smii.co.id', '$2y$12$iFtFcAiIXeT1cPjtHDX8MO1.ke/YjvcShHk.af5DU3h3anninas3S', '', NULL, '2024-11-03 19:08:42', '2024-12-23 01:51:33', 6, 32, 22),
(1236, 'AE1264', 'Elia Herlina Dwiyanti', 'elia.dwiyanti@smii.co.id', '$2y$12$gPQkgv2.pE1yaShwB6o3vuJxNjtV1qRaDeAr.XD/rnFZKmggoiQkG', 'AE1264.jpg', NULL, '2024-11-03 19:08:43', '2024-12-23 01:16:49', 6, 32, 22),
(1237, 'Y1050', 'Nahason Haria', 'nahason.haria@smii.co.id', '$2y$12$xEBPrad2BrImckh9GLnPDOo31qv512WvYTuOrzNkOIoMB6xgHbxKu', '', NULL, '2024-11-03 19:08:43', '2024-12-10 01:48:12', 7, 32, 23),
(1238, 'A0187', 'Sulis Setianingsih', 'staff@smii.co.id', '$2y$12$QpFN.e/vDSRgsm2UqVQbpuleUMUSKATvbIM453j1K11tPbozxLbSW', '', NULL, '2024-11-03 19:08:43', '2024-12-04 20:37:47', 7, 32, 23),
(1239, 'AB1150', 'Finka Thalia Yosepine', 'staff@smii.co.id', '$2y$12$BuY2F1J7HAh77FHShDxEGepHW7SVdQoXumQOhyL6luDbRY0EwD4Cq', '', NULL, '2024-11-03 19:08:43', '2024-12-04 19:39:06', 7, 32, 23),
(1240, 'AC1156', 'Ayu Untari Putri', 'staff@smii.co.id', '$2y$12$jEE1zWO8uC7PguTmnlSvauB.55yW9E2f2PRlY7wEkt0rtPjUjHOT.', '', NULL, '2024-11-03 19:08:44', '2024-12-04 19:11:59', 7, 32, 24),
(1241, 'X1017', 'Putri Wulandari', 'putri.wulandari@smii.co.id', '$2y$12$Fxtpv60ndQmUc5p.nMGlAO7msaP/4t.v71jFA3oM8of.E1/5m48Gu', '', NULL, '2024-11-03 19:08:44', '2024-12-17 01:12:46', 7, 32, 24),
(1242, 'AE1277', 'Tommy Christian', 'tommy.christian@smii.co.id', '$2y$12$qxK.0sliW9fSn.stNQp4AOa5o.a3C0EvwlszSiod2R4WgQMwBohBi', 'AE1277.jpeg', NULL, '2024-11-03 19:08:44', '2024-12-16 00:28:07', 7, 32, 24),
(1243, 'Q0858', 'Reginald Iskandar', 'reginald.iskandar@smii.co.id', '$2y$12$2chHn56jXVyxMfA8RzH4f.NjV6dS2REG16T2Kf37A4Id40u/dDDDi', '', NULL, '2024-11-03 19:08:44', '2024-12-11 19:25:42', 7, 32, 25),
(1244, 'F0609', 'Rodikin', 'staff@smii.co.id', '$2y$12$WEHkf0roYbl0dCwNmFmw..6laj4FumQoFRvYvQfY1VPrrll2LS9Wq', '', NULL, '2024-11-03 19:08:44', '2024-11-03 19:08:44', 7, 32, 25),
(1245, 'Q0860', 'Munkus Whisnu Dwisaputra', 'munkus.whisnu@smii.co.id', '$2y$12$4G17iH3y5pcYlREsWghC.enzNHZaWnRGku6dX6Ifk3bjGngP8pVSS', 'Q0860.jpg', NULL, '2024-11-03 19:08:45', '2024-12-11 22:37:51', 7, 32, 25),
(1246, 'U0945', 'Chandra Humanita', 'staff@smii.co.id', '$2y$12$DK84CidfXQmZzmuByD21P.aWNGjTj70yOMuPRaR58a8Lu18ie7NdS', '', NULL, '2024-11-03 19:08:45', '2024-12-04 19:23:51', 7, 32, 25),
(1247, 'H0682', 'Nia Maulina', 'staff@smii.co.id', '$2y$12$LGrEW8RnKFVJJm1ezW5QdOicj5g5DtQtwltUOElxQvcTRwVmGK5lO', '', NULL, '2024-11-03 19:08:45', '2024-12-04 20:22:47', 7, 32, 25);
INSERT INTO `users` (`id`, `nik`, `name`, `email`, `password`, `avatar`, `remember_token`, `created_at`, `updated_at`, `department_id`, `position_id`, `section_id`) VALUES
(1248, 'V0961', 'Rury Pratama', 'staff@smii.co.id', '$2y$12$LaiefUFx5Cst4s8AA2yH3eC/sK8Rpr/hleBqdmS9ttfuRDzRUDcai', '', NULL, '2024-11-03 19:08:45', '2024-12-04 20:27:25', 7, 32, 25),
(1249, 'AB1117', 'Dhani Irfantoro', 'staff@smii.co.id', '$2y$12$EXAmoj/g2elT8gIlZpKgPehY225OP5qZlNGOK1D.ZXCl.XGRJmNKi', '', NULL, '2024-11-03 19:08:45', '2024-12-04 19:29:07', 7, 32, 25),
(1250, 'AB1118', 'Martin Paulus Sinaga', 'staff@smii.co.id', '$2y$12$Es580UT38zabpHdPWiqQE.jSxaYuALFM.UUQmecfwZm39AKer2Gwu', '', NULL, '2024-11-03 19:08:46', '2024-12-04 20:07:25', 7, 32, 25),
(1251, 'AA1095', 'Christoforus Kevin', 'christoforus.kevin@smii.co.id', '$2y$12$kOcRjVHuKmNI2H0s6k080e9P2NSxcxwI3NeRBX1AgVfsRlihfMKsq', 'AA1095.jpeg', NULL, '2024-11-03 19:08:46', '2024-12-23 20:46:25', 7, 32, 25),
(1252, 'AB1133', 'Rizal Anwar', 'rizal.anwar@smii.co.id', '$2y$12$jiFzasabA3gfG9uBRY25CuXHD68vcjR.ocXebtivIuOixDle12L72', 'AB1133.jpeg', NULL, '2024-11-03 19:08:46', '2024-12-24 02:45:18', 7, 32, 25),
(1253, 'AB1135', 'Panca Setiawan', 'staff@smii.co.id', '$2y$12$50A5IVx09IPAAme6UidBfehkm.boh/tc6dR9s0qRceQpcbH9EposW', 'AB1135.jpeg', NULL, '2024-11-03 19:08:46', '2024-12-23 07:16:32', 7, 32, 25),
(1254, 'AB1141', 'Nugraha Amrul Fahlevi Lubis', 'Fahlevi.lubis@smii.co.id', '$2y$12$bREZiXIxzJB8KPcnIbBhYejoe.IXQMWw4hxNJ2LPTQZeLUlp4h7n.', 'AB1141.jpg', NULL, '2024-11-03 19:08:47', '2024-12-23 21:37:41', 7, 32, 25),
(1255, 'AB1148', 'Clara Adelina', 'staff@smii.co.id', '$2y$12$xXxGZvWBVblIqqKwaoiT3O7FNEixrvF/cYfLIP/L8degdKJyiwpRu', '', NULL, '2024-11-03 19:08:47', '2024-12-04 19:25:17', 7, 32, 25),
(1256, 'AD1205', 'Zen Ekasari', 'staff@smii.co.id', '$2y$12$866slxlpUzgDI.y0k6yPhuUi6zUVKumT1MOlw8m1Zh4F7lEg.cPxG', '', NULL, '2024-11-03 19:08:47', '2024-12-04 20:28:43', 7, 32, 25),
(1257, 'AE1256', 'Putri Yashi Nabilah', 'staff@smii.co.id', '$2y$12$RF1OfVEKCpkt.XzJiBn.2uZbP5QW/ptOMmsBkssQ559irVDUenSrW', '', NULL, '2024-11-03 19:08:47', '2024-12-23 22:37:03', 7, 32, 25),
(1258, 'AF1287', 'Sonny Pratama Mandira', 'sonny.mandira@smii.co.id', '$2y$12$FCeFwEX.Kea.zH8JBssU5Osn6HK7yquJyUl3/Ns1NJ0PILLbLQmQy', 'AF1287.png', NULL, '2024-11-03 19:08:47', '2024-12-17 01:05:23', 7, 32, 25),
(1259, 'AG1334', 'Jeltrin Kembuan', 'staff@smii.co.id', '$2y$12$5utQudjmCKRKKeSd39V.gOjLdW09I5IzDdDGtdaOKJsraMMpEYieK', '', NULL, '2024-11-03 19:08:48', '2024-12-04 19:55:54', 7, 32, 25),
(1260, 'K0761', 'Soebianto Halim', 'staff@smii.co.id', '$2y$12$tZQzQ4xc7cqcm3670BpKhumJ/UfAXNxQNxCteMDwDDw617YhcMU2u', '', NULL, '2024-11-03 19:08:48', '2024-11-03 19:08:48', 7, 32, 26),
(1261, 'F0590', 'Antony Horianto', 'staff@smii.co.id', '$2y$12$MQ7IfdEcXLJQ8sQ1rAfn0OuVORNS5oM9swYLZUNqVzSBIz49GwQ2.', '', NULL, '2024-11-03 19:08:48', '2024-12-04 19:06:17', 7, 32, 26),
(1262, 'K0778', 'Jumhasrifel', 'staff@smii.co.id', '$2y$12$oFu8EwUie9Dvu3eElOAzD.UOMvK.UcvgJL98P4clz3gRqZm5gu6eO', '', NULL, '2024-11-03 19:08:48', '2024-12-04 19:57:25', 7, 32, 26),
(1264, 'Y1042', 'Chien Siang', 'chen.siang@smii.co.id', '$2y$12$/BDhM1YdB9RQypd3mdPFDeZRcFCirAsChiDenktSCQw0r9.ij3uim', '', NULL, '2024-11-03 19:08:49', '2024-12-11 23:23:45', 7, 32, 26),
(1265, 'AF1291', 'Fredy Salim', 'fredy.salim@smii.co.id', '$2y$12$r.Ab0xdElaWbuB85znAP6.SUnMIpZV./FLlJRgzDUq7Rj4LlTWw2.', '', NULL, '2024-11-03 19:08:49', '2024-12-11 23:20:47', 7, 32, 26),
(1266, 'AF1307', 'Alfons Edward Sugito Palondongan', 'staff@smii.co.id', '$2y$12$ZgPQb69JdFmXyf2jbVu7/uiWDsmRQY3azgHMiFMPuPUcwZhRynFve', '', NULL, '2024-11-03 19:08:49', '2024-12-04 18:52:39', 7, 32, 26),
(1267, 'F0584', 'Budy Kristanto', 'staff@smii.co.id', '$2y$12$LJCfXS6kr8jEyYf7zFyLvekUm.XEaqKCQXT8ezm58sqAwBgii9I4S', '', NULL, '2024-11-03 19:08:49', '2024-12-04 19:23:04', 7, 32, 26),
(1268, 'K0771', 'Santo Salim', 'santo.salim@smii.co.id', '$2y$12$wbWcQiDGKFfTGqxjnWTT7uEPbZ/uOzy9hGouvNo8fd2URPp9AILR6', '', NULL, '2024-11-03 19:08:50', '2024-12-11 23:21:31', 7, 32, 26),
(1269, 'Q0883', 'Molek Susilawati', 'staff@smii.co.id', '$2y$12$Pgtp9078Jon0QItUnQZ9fuc9SSRQHTZCsU19EXIEBiXZ3ByWiI.HW', '', NULL, '2024-11-03 19:08:50', '2024-11-03 19:08:50', 7, 32, 26),
(1270, 'V0981', 'Nyimas Mariam', 'nyimas.mariam@smii.co.id', '$2y$12$RKh1TFfIS68gjzzsQTS0XeHEr94vZzO.0Ch2gilg9b3knUs6zVq3K', '', NULL, '2024-11-03 19:08:50', '2024-12-22 20:26:19', 7, 32, 26),
(1271, 'W1002', 'Agus Sujana', 'staff@smii.co.id', '$2y$12$wcM30HY8URfEu90K/s9mWek8PUWY1mSG6ZpYu9nf2/B6FrP7z6eIq', '', NULL, '2024-11-03 19:08:50', '2024-12-04 19:02:26', 7, 32, 26),
(1272, 'AA1088', 'Yudha Nugraha', 'staff@smii.co.id', '$2y$12$NTGDnnR3pzbuG.zLvTEr6OmKtzqJwUSQ0x7mDa/jQeuUXw7fa2UI6', '', NULL, '2024-11-03 19:08:51', '2024-12-04 20:21:42', 7, 32, 26),
(1273, 'AA1098', 'Siswadi', 'siswadi@smii.co.id', '$2y$12$kYmBU2Et8DPjR2bVlr7pe.PR4opioyqleKG6CXOGzQ24Fmp5YdcK.', '', NULL, '2024-11-03 19:08:51', '2024-12-11 23:21:19', 7, 32, 26),
(1274, 'AA1108', 'Wilson Macmiland', 'staff@smii.co.id', '$2y$12$MIwgZsoa.7i/v88iOOhbwORpAs/q9X7Rd6B4Js0vKQphGfUE0IBq2', '', NULL, '2024-11-03 19:08:51', '2024-12-04 20:24:55', 7, 32, 26),
(1275, 'AC1167', 'Dedi Mangampu Tua', 'staff@smii.co.id', '$2y$12$sOKWE09wkmC5LZzmZevlHORm8pHmGZ28JU113sbHxNT1uNyvg8eA.', '', NULL, '2024-11-03 19:08:51', '2024-12-04 19:26:46', 7, 32, 26),
(1276, 'AC1174', 'Franies Matriyanto Yohakim Tandawuya', 'staff@smii.co.id', '$2y$12$IwzW.IzqTO4f7kqczz2d7eM2Do7Jh8gHk3ga9cJfGDyTiC2LsmGj.', '', NULL, '2024-11-03 19:08:51', '2024-12-04 19:39:41', 7, 32, 26),
(1277, 'AD1235', 'Federich Arswendo Perwira Negara', 'staff@smii.co.id', '$2y$12$dbFbCX1QI562cmKVsI6oDOoi1QS6xYCXee2hy59WzGNP8LGB0YE82', '', NULL, '2024-11-03 19:08:52', '2024-12-04 19:38:39', 7, 32, 26),
(1278, 'AD1239', 'Andrey Hermawan', 'staff@smii.co.id', '$2y$12$imZasc12pCTAyOoHYvabpuutBsNGl2bCr11wGsd6RiCj8r4Vvophi', '', NULL, '2024-11-03 19:08:52', '2024-12-11 20:35:20', 7, 32, 26),
(1279, 'AE1261', 'Noor Kurnia Andrean', 'noor.andrean@smii.co.id', '$2y$12$W8iCqG/CsqCinX6ASpmQg.XcCc/GnmSFPwRQvj6fP2gtRQW6iQI/y', '', NULL, '2024-11-03 19:08:52', '2024-12-11 23:22:16', 7, 32, 26),
(1280, 'AG1312', 'Andrea Aji Asmara', 'andrea.asmara@smii.com', '$2y$12$YXlnU1t0gMJt3dcpDV6lwuszz.B9R1DpLjGziso/6T2EL6az/6zSu', 'AG1312.jpeg', NULL, '2024-11-03 19:08:52', '2024-12-11 23:29:32', 7, 32, 26),
(1281, 'AG1314', 'Achmad Fauzi', 'staff@smii.co.id', '$2y$12$rtTazEQeSoHRmilByTvjP.RQeN2gr5VBfuznhD65YIT76sz1HsjH.', '', NULL, '2024-11-03 19:08:52', '2024-12-04 19:01:50', 7, 32, 26),
(1282, 'AA1100', 'Yandri Fahmi', 'yandri.fahmi@smii.co.id', '$2y$12$as3YwZgsiTG/34f.I0OtC.VUqKZDCbHdGfWGMv35wus/xsxvJtmPO', '', NULL, '2024-11-03 19:08:53', '2024-12-26 21:58:51', 7, 32, 26),
(1283, 'AA1112', 'Kevin Wijaya', 'staff@smii.co.id', '$2y$12$tJMsCegyU92Od1RPlV2OuO2xi9nzwdO4f0ig2qkWxJvGHcP1RLsKK', '', NULL, '2024-11-03 19:08:53', '2024-12-04 19:58:54', 7, 32, 26),
(1284, 'AB1123', 'Suhadi', 'suhadi@smii.co.id', '$2y$12$OUUpvYpSrisrWZo4M8Hn8eQ5bpiNVcKbB0vNHhyVaJsaMgyF03by2', '', NULL, '2024-11-03 19:08:53', '2024-12-11 23:24:18', 7, 32, 26),
(1285, 'AD1236', 'Hendro Prayetno', 'hendro.prayetno@smii.co.id', '$2y$12$uRzz9FelvmIy6rEVGkhQT.KTEfc9AtbpS2Xt7LBqDG6JRicRHL3Hi', '', NULL, '2024-11-03 19:08:53', '2024-12-11 23:25:02', 7, 32, 26),
(1286, 'AF1281', 'Muhamad Faiq Renaldiandadinata', 'muhammad.faiq@smii.co.id', '$2y$12$MoM2rqi5xQqyrRLP6JMGbuktFlFqGuXer36nMxw654y1t2IIoa9C6', '', NULL, '2024-11-03 19:08:54', '2024-12-11 23:45:08', 7, 32, 26),
(1287, 'AF1286', 'Teni Muhamad Rijal', 'staff@smii.co.id', '$2y$12$.U4NLrtMDU8Tu5jGA7vE2ON6Xt7eVzLv2mD.OPqc.vUCMLNOQrXZG', 'AF1286.jpeg', NULL, '2024-11-03 19:08:54', '2024-12-30 23:20:35', 7, 32, 26),
(1288, 'AG1326', 'Dadang Achmad Fadoli', 'staff@smii.co.id', '$2y$12$hKAEVkX4ZRk52Xzl.9U.v..AwNsO8T33bG5h.OSN.1vmjhY.g2Dk2', '', NULL, '2024-11-03 19:08:54', '2024-12-04 20:15:46', 7, 32, 26),
(1289, 'D0437', 'Budi Adimulyo', 'budi.adimulyo@smii.co.id', '$2y$12$HPu3cJNfg17djAqcqt5oBejC87htglbtEEBhL6h4MxV0/bEAgBOGW', NULL, NULL, '2024-11-03 19:24:25', '2024-11-03 19:24:25', 4, 17, 7),
(1290, 'X1031', 'Edie Hirman', 'edie.hirman@smii.co.id', '$2y$12$//W1f3tV.nva5.wjDMTEx.1eNoieNZcKih9n95YznpC7OBzvFtnMK', NULL, NULL, '2024-11-05 07:49:04', '2025-01-02 21:26:54', 2, 3, 18),
(1291, 'Z1058', 'Ronal Katili', 'ronal.katili@smii.co.id', '$2y$12$iYJQ0PKGcAqmA2mgUN6TQuMWDphS1vk/WfIpITgIp5gLQa/l/Scj.', NULL, NULL, '2024-11-05 07:58:58', '2024-12-06 02:12:44', 7, 30, 24),
(1292, 'C0346', 'Payaman Pandiangan', 'payaman.pandiangan@smii.co.id', '$2y$12$wi6E6TEh47ifBsE6HgYK9.ZhKdqGOICHPTfZMv4R5VluAoaH57td.', NULL, NULL, '2024-11-05 08:00:10', '2024-12-06 02:11:45', 5, 36, 12),
(1293, 'AG1356', 'Markus Wibowo', 'markus.wibowo@smii.co.id', '$2y$12$G08Hqm/oaKJxOcv6jKGP5u4Q4SqRi22iH.JZk7kLHXwR9Dv2hL.V6', NULL, NULL, '2024-12-03 19:48:17', '2024-12-03 21:10:39', 3, 62, 2),
(1294, 'AG1354', 'Irma Sulistyo', 'irma.sulistyo@smii.co.id', '$2y$12$e7R8Q0mTAQLaTuLlyEc9HO3Thnb9bMBlMezBtcJ9nAF4.AZOs33K6', NULL, NULL, '2024-12-11 20:16:43', '2024-12-11 20:16:43', 7, 32, 9),
(1295, 'AH1358', 'Fendi', 'fendi@smii.co.id', '$2y$12$AXcEcrnWhJLcy6zxnbune.FPYpEosbKChflIblpTi3FmYlWWTedWi', NULL, NULL, '2025-01-01 20:53:00', '2025-01-01 20:53:00', 8, 10, 19),
(1296, 'AH1359', 'Edi Victara Tinambunan', 'edi.tinambunan@smii.co.id', '$2y$12$RMFU4LESTehpL0ienw0ABOYvGfUJUoesLS/RGpRBKhJMsCQJ0qjFK', NULL, NULL, '2025-01-01 20:53:56', '2025-01-01 20:53:56', 7, 14, 14);

--
-- Indexes for dumped tables
--

--
-- Indexes for table `customers`
--
ALTER TABLE `customers`
  ADD PRIMARY KEY (`id`);

--
-- Indexes for table `departments`
--
ALTER TABLE `departments`
  ADD PRIMARY KEY (`id`);

--
-- Indexes for table `failed_jobs`
--
ALTER TABLE `failed_jobs`
  ADD PRIMARY KEY (`id`),
  ADD UNIQUE KEY `failed_jobs_uuid_unique` (`uuid`);

--
-- Indexes for table `initiator_approvals`
--
ALTER TABLE `initiator_approvals`
  ADD PRIMARY KEY (`id`),
  ADD KEY `initiator_approvals_rs_id_foreign` (`rs_id`);

--
-- Indexes for table `item_details`
--
ALTER TABLE `item_details`
  ADD PRIMARY KEY (`id`),
  ADD KEY `item_details_item_master_id_foreign` (`item_master_id`);

--
-- Indexes for table `item_masters`
--
ALTER TABLE `item_masters`
  ADD PRIMARY KEY (`id`);

--
-- Indexes for table `levels`
--
ALTER TABLE `levels`
  ADD PRIMARY KEY (`id`);

--
-- Indexes for table `migrations`
--
ALTER TABLE `migrations`
  ADD PRIMARY KEY (`id`);

--
-- Indexes for table `model_has_permissions`
--
ALTER TABLE `model_has_permissions`
  ADD PRIMARY KEY (`permission_id`,`model_id`,`model_type`),
  ADD KEY `model_has_permissions_model_id_model_type_index` (`model_id`,`model_type`);

--
-- Indexes for table `model_has_roles`
--
ALTER TABLE `model_has_roles`
  ADD PRIMARY KEY (`role_id`,`model_id`,`model_type`),
  ADD KEY `model_has_roles_model_id_model_type_index` (`model_id`,`model_type`);

--
-- Indexes for table `notifications`
--
ALTER TABLE `notifications`
  ADD PRIMARY KEY (`id`);

--
-- Indexes for table `permissions`
--
ALTER TABLE `permissions`
  ADD PRIMARY KEY (`id`);

--
-- Indexes for table `personal_access_tokens`
--
ALTER TABLE `personal_access_tokens`
  ADD PRIMARY KEY (`id`);

--
-- Indexes for table `positions`
--
ALTER TABLE `positions`
  ADD PRIMARY KEY (`id`);

--
-- Indexes for table `revisions`
--
ALTER TABLE `revisions`
  ADD PRIMARY KEY (`id`);

--
-- Indexes for table `roles`
--
ALTER TABLE `roles`
  ADD PRIMARY KEY (`id`);

--
-- Indexes for table `rs_approvals`
--
ALTER TABLE `rs_approvals`
  ADD PRIMARY KEY (`id`);

--
-- Indexes for table `rs_approver`
--
ALTER TABLE `rs_approver`
  ADD PRIMARY KEY (`id`);

--
-- Indexes for table `rs_items`
--
ALTER TABLE `rs_items`
  ADD PRIMARY KEY (`id`),
  ADD KEY `rs_items_rs_id_foreign` (`rs_id`);

--
-- Indexes for table `rs_masters`
--
ALTER TABLE `rs_masters`
  ADD PRIMARY KEY (`id`),
  ADD KEY `rs_masters_customer_id_foreign` (`customer_id`);

--
-- Indexes for table `sections`
--
ALTER TABLE `sections`
  ADD PRIMARY KEY (`id`);

--
-- Indexes for table `users`
--
ALTER TABLE `users`
  ADD PRIMARY KEY (`id`);

--
-- AUTO_INCREMENT for dumped tables
--

--
-- AUTO_INCREMENT for table `customers`
--
ALTER TABLE `customers`
  MODIFY `id` bigint(20) UNSIGNED NOT NULL AUTO_INCREMENT, AUTO_INCREMENT=4;

--
-- AUTO_INCREMENT for table `departments`
--
ALTER TABLE `departments`
  MODIFY `id` bigint(20) UNSIGNED NOT NULL AUTO_INCREMENT, AUTO_INCREMENT=9;

--
-- AUTO_INCREMENT for table `failed_jobs`
--
ALTER TABLE `failed_jobs`
  MODIFY `id` bigint(20) UNSIGNED NOT NULL AUTO_INCREMENT;

--
-- AUTO_INCREMENT for table `initiator_approvals`
--
ALTER TABLE `initiator_approvals`
  MODIFY `id` bigint(20) UNSIGNED NOT NULL AUTO_INCREMENT;

--
-- AUTO_INCREMENT for table `item_details`
--
ALTER TABLE `item_details`
  MODIFY `id` bigint(20) UNSIGNED NOT NULL AUTO_INCREMENT, AUTO_INCREMENT=386;

--
-- AUTO_INCREMENT for table `item_masters`
--
ALTER TABLE `item_masters`
  MODIFY `id` bigint(20) UNSIGNED NOT NULL AUTO_INCREMENT, AUTO_INCREMENT=546;

--
-- AUTO_INCREMENT for table `levels`
--
ALTER TABLE `levels`
  MODIFY `id` bigint(20) UNSIGNED NOT NULL AUTO_INCREMENT, AUTO_INCREMENT=18;

--
-- AUTO_INCREMENT for table `migrations`
--
ALTER TABLE `migrations`
  MODIFY `id` int(10) UNSIGNED NOT NULL AUTO_INCREMENT, AUTO_INCREMENT=32;

--
-- AUTO_INCREMENT for table `model_has_permissions`
--
ALTER TABLE `model_has_permissions`
  MODIFY `permission_id` bigint(20) UNSIGNED NOT NULL AUTO_INCREMENT;

--
-- AUTO_INCREMENT for table `permissions`
--
ALTER TABLE `permissions`
  MODIFY `id` bigint(20) UNSIGNED NOT NULL AUTO_INCREMENT, AUTO_INCREMENT=13;

--
-- AUTO_INCREMENT for table `personal_access_tokens`
--
ALTER TABLE `personal_access_tokens`
  MODIFY `id` bigint(20) UNSIGNED NOT NULL AUTO_INCREMENT;

--
-- AUTO_INCREMENT for table `positions`
--
ALTER TABLE `positions`
  MODIFY `id` bigint(20) UNSIGNED NOT NULL AUTO_INCREMENT, AUTO_INCREMENT=63;

--
-- AUTO_INCREMENT for table `revisions`
--
ALTER TABLE `revisions`
  MODIFY `id` bigint(20) UNSIGNED NOT NULL AUTO_INCREMENT, AUTO_INCREMENT=3;

--
-- AUTO_INCREMENT for table `roles`
--
ALTER TABLE `roles`
  MODIFY `id` bigint(20) UNSIGNED NOT NULL AUTO_INCREMENT, AUTO_INCREMENT=21;

--
-- AUTO_INCREMENT for table `rs_approvals`
--
ALTER TABLE `rs_approvals`
  MODIFY `id` bigint(20) UNSIGNED NOT NULL AUTO_INCREMENT, AUTO_INCREMENT=2;

--
-- AUTO_INCREMENT for table `rs_approver`
--
ALTER TABLE `rs_approver`
  MODIFY `id` bigint(20) UNSIGNED NOT NULL AUTO_INCREMENT, AUTO_INCREMENT=16;

--
-- AUTO_INCREMENT for table `rs_items`
--
ALTER TABLE `rs_items`
  MODIFY `id` bigint(20) UNSIGNED NOT NULL AUTO_INCREMENT, AUTO_INCREMENT=19;

--
-- AUTO_INCREMENT for table `rs_masters`
--
ALTER TABLE `rs_masters`
  MODIFY `id` bigint(20) UNSIGNED NOT NULL AUTO_INCREMENT, AUTO_INCREMENT=55;

--
-- AUTO_INCREMENT for table `sections`
--
ALTER TABLE `sections`
  MODIFY `id` bigint(20) UNSIGNED NOT NULL AUTO_INCREMENT, AUTO_INCREMENT=27;

--
-- AUTO_INCREMENT for table `users`
--
ALTER TABLE `users`
  MODIFY `id` bigint(20) UNSIGNED NOT NULL AUTO_INCREMENT, AUTO_INCREMENT=1297;

--
-- Constraints for dumped tables
--

--
-- Constraints for table `initiator_approvals`
--
ALTER TABLE `initiator_approvals`
  ADD CONSTRAINT `initiator_approvals_rs_id_foreign` FOREIGN KEY (`rs_id`) REFERENCES `rs_masters` (`id`) ON DELETE CASCADE;

--
-- Constraints for table `item_details`
--
ALTER TABLE `item_details`
  ADD CONSTRAINT `item_details_item_master_id_foreign` FOREIGN KEY (`item_master_id`) REFERENCES `item_masters` (`id`) ON DELETE CASCADE;

--
-- Constraints for table `rs_items`
--
ALTER TABLE `rs_items`
  ADD CONSTRAINT `rs_items_rs_id_foreign` FOREIGN KEY (`rs_id`) REFERENCES `rs_masters` (`id`) ON DELETE CASCADE;

--
-- Constraints for table `rs_masters`
--
ALTER TABLE `rs_masters`
  ADD CONSTRAINT `rs_masters_customer_id_foreign` FOREIGN KEY (`customer_id`) REFERENCES `customers` (`id`) ON DELETE CASCADE;
COMMIT;

/*!40101 SET CHARACTER_SET_CLIENT=@OLD_CHARACTER_SET_CLIENT */;
/*!40101 SET CHARACTER_SET_RESULTS=@OLD_CHARACTER_SET_RESULTS */;
/*!40101 SET COLLATION_CONNECTION=@OLD_COLLATION_CONNECTION */;
